minuto_est,faltas_total,faltas_pred,fl_live_line,fl_live_signal,live_line,live_signal,captured_at
30,4,21.3,24.5,UNDER-3.2,,,2026-08-13T19:00:10.854247+00:00
31,4,21.0,24.5,UNDER-3.5,,,2026-08-13T19:01:10.854342+00:00
32,5,21.8,25.5,UNDER-3.7,,,2026-08-13T19:02:10.854129+00:00
33,5,21.5,24.5,UNDER-3.0,,,2026-08-13T19:03:10.854216+00:00
34,5,21.2,24.5,UNDER-3.3,,,2026-08-13T19:04:10.855554+00:00
34,5,21.2,24.5,UNDER-3.3,,,2026-08-13T19:04:40.854248+00:00
35,5,20.9,24.5,UNDER-3.6,,,2026-08-13T19:05:10.854333+00:00
36,5,20.6,23.5,UNDER-2.9,,,2026-08-13T19:06:10.854315+00:00
36,5,20.6,23.5,UNDER-2.9,,,2026-08-13T19:06:40.854239+00:00
37,5,20.3,23.5,UNDER-3.2,,,2026-08-13T19:07:40.854239+00:00
38,5,20.0,23.5,UNDER-3.5,,,2026-08-13T19:08:10.854427+00:00
38,5,20.0,22.5,UNDER-2.5,,,2026-08-13T19:08:40.854339+00:00
39,5,19.7,22.5,UNDER-2.8,,,2026-08-13T19:09:10.854199+00:00
39,5,19.7,22.5,UNDER-2.8,,,2026-08-13T19:09:40.854168+00:00
40,5,19.4,22.5,UNDER-3.1,,,2026-08-13T19:10:10.855180+00:00
41,5,19.2,21.5,NEU-2.3,,,2026-08-13T19:11:10.854123+00:00
41,5,19.2,21.5,NEU-2.3,,,2026-08-13T19:11:40.854193+00:00
42,5,18.9,21.5,UNDER-2.6,,,2026-08-13T19:12:10.854128+00:00
42,5,18.9,21.5,UNDER-2.6,,,2026-08-13T19:12:40.854254+00:00
43,5,18.6,21.5,UNDER-2.9,,,2026-08-13T19:13:40.854215+00:00
44,6,19.3,21.5,NEU-2.2,,,2026-08-13T19:14:40.854327+00:00
45,6,19.0,21.5,UNDER-2.5,,,2026-08-13T19:15:40.854464+00:00
-1,6,19.0,21.5,UNDER-2.5,,,2026-08-13T19:16:10.854223+00:00
-1,6,19.0,21.5,UNDER-2.5,,,2026-08-13T19:16:40.854104+00:00
-1,6,19.0,21.5,UNDER-2.5,,,2026-08-13T19:17:10.854124+00:00
-1,6,19.0,21.5,UNDER-2.5,,,2026-08-13T19:17:40.854134+00:00
-1,6,19.0,21.5,UNDER-2.5,,,2026-08-13T19:18:40.854344+00:00
-1,6,19.0,21.5,UNDER-2.5,,,2026-08-13T19:19:40.863401+00:00
-1,6,19.0,21.5,UNDER-2.5,,,2026-08-13T19:20:10.859144+00:00
-1,6,19.0,21.5,UNDER-2.5,,,2026-08-13T19:20:40.854168+00:00
-1,6,19.0,21.5,UNDER-2.5,,,2026-08-13T19:21:10.854571+00:00
-1,6,19.0,21.5,UNDER-2.5,,,2026-08-13T19:21:40.855536+00:00
-1,6,19.0,21.5,UNDER-2.5,,,2026-08-13T19:22:10.854219+00:00
-1,6,19.0,21.5,UNDER-2.5,,,2026-08-13T19:22:40.854196+00:00
-1,6,19.0,21.5,UNDER-2.5,,,2026-08-13T19:23:10.854320+00:00
-1,6,19.0,21.5,UNDER-2.5,,,2026-08-13T19:23:40.854342+00:00
-1,6,19.0,21.5,UNDER-2.5,,,2026-08-13T19:24:40.854394+00:00
-1,6,19.0,21.5,UNDER-2.5,,,2026-08-13T19:25:10.854202+00:00
-1,6,19.0,21.5,UNDER-2.5,,,2026-08-13T19:25:40.854331+00:00
-1,6,19.0,21.5,UNDER-2.5,,,2026-08-13T19:26:10.854329+00:00
-1,6,19.0,21.5,UNDER-2.5,,,2026-08-13T19:27:10.854242+00:00
-1,6,19.0,21.5,UNDER-2.5,,,2026-08-13T19:28:10.854319+00:00
-1,6,19.0,21.5,UNDER-2.5,,,2026-08-13T19:29:10.854267+00:00
-1,6,19.0,21.5,UNDER-2.5,,,2026-08-13T19:30:10.854364+00:00
-1,6,19.0,21.5,UNDER-2.5,,,2026-08-13T19:30:40.854334+00:00
-1,6,19.0,21.5,UNDER-2.5,,,2026-08-13T19:31:10.854389+00:00
-1,6,19.0,21.5,UNDER-2.5,,,2026-08-13T19:31:40.854275+00:00
-1,6,19.0,21.5,UNDER-2.5,,,2026-08-13T19:32:10.854260+00:00
-1,6,19.0,21.5,UNDER-2.5,,,2026-08-13T19:32:40.854277+00:00
46,6,18.7,21.5,UNDER-2.8,,,2026-08-13T19:33:10.854255+00:00
47,6,18.4,21.5,UNDER-3.1,,,2026-08-13T19:34:10.854326+00:00
47,6,18.4,21.5,UNDER-3.1,,,2026-08-13T19:34:40.854136+00:00
48,6,18.1,21.5,UNDER-3.4,,,2026-08-13T19:35:10.854944+00:00
48,0,12.1,21.5,UNDER-9.4,,,2026-08-13T19:35:40.854270+00:00
49,0,11.8,20.5,UNDER-8.7,,,2026-08-13T19:36:40.855315+00:00
50,0,11.6,20.5,UNDER-8.9,,,2026-08-13T19:37:40.854338+00:00
51,0,11.3,20.5,UNDER-9.2,,,2026-08-13T19:38:10.854263+00:00
51,0,11.3,20.5,UNDER-9.2,,,2026-08-13T19:38:40.854295+00:00
52,0,11.0,20.5,UNDER-9.5,,,2026-08-13T19:39:10.854122+00:00
52,1,12.0,20.5,UNDER-8.5,,,2026-08-13T19:39:40.854422+00:00
53,1,11.7,20.5,UNDER-8.8,,,2026-08-13T19:40:10.854143+00:00
53,1,11.7,20.5,UNDER-8.8,,,2026-08-13T19:40:40.854354+00:00
54,2,12.4,21.5,UNDER-9.1,,,2026-08-13T19:41:40.854298+00:00
55,3,13.1,21.5,UNDER-8.4,,,2026-08-13T19:42:40.854404+00:00
56,4,13.8,22.5,UNDER-8.7,,,2026-08-13T19:43:40.854397+00:00
57,4,13.5,22.5,UNDER-9.0,,,2026-08-13T19:44:40.854311+00:00
58,4,13.2,21.5,UNDER-8.3,,,2026-08-13T19:45:40.855146+00:00
59,4,13.0,21.5,UNDER-8.5,,,2026-08-13T19:46:10.854299+00:00
60,4,12.7,,,,2026-08-13T19:47:10.854374+00:00
61,4,12.4,21.5,UNDER-9.1,,,2026-08-13T19:48:10.854288+00:00
61,4,12.4,20.5,UNDER-8.1,,,2026-08-13T19:48:40.854114+00:00
62,4,12.1,20.5,UNDER-8.4,,,2026-08-13T19:49:10.854224+00:00
62,5,13.1,21.5,UNDER-8.4,,,2026-08-13T19:49:40.854219+00:00
63,5,12.8,21.5,UNDER-8.7,,,2026-08-13T19:50:10.854431+00:00
63,5,12.8,21.5,UNDER-8.7,,,2026-08-13T19:50:40.854210+00:00
64,6,13.5,22.5,UNDER-9.0,,,2026-08-13T19:51:10.854715+00:00
64,6,13.5,21.5,UNDER-8.0,,,2026-08-13T19:51:40.855044+00:00
65,6,13.2,21.5,UNDER-8.3,,,2026-08-13T19:52:40.854232+00:00
66,6,12.9,21.5,UNDER-8.6,,,2026-08-13T19:53:10.854294+00:00
67,6,12.6,21.5,UNDER-8.9,,,2026-08-13T19:54:10.854458+00:00
67,6,12.6,20.5,UNDER-7.9,,,2026-08-13T19:54:40.854264+00:00
68,6,12.4,20.5,UNDER-8.1,,,2026-08-13T19:55:40.854270+00:00
69,6,12.1,20.5,UNDER-8.4,,,2026-08-13T19:56:10.854365+00:00
69,6,12.1,20.5,UNDER-8.4,,,2026-08-13T19:56:40.854327+00:00
70,6,11.8,20.5,UNDER-8.7,,,2026-08-13T19:57:40.854329+00:00
71,6,11.5,19.5,UNDER-8.0,,,2026-08-13T19:58:40.854303+00:00
72,6,11.2,19.5,UNDER-8.3,,,2026-08-13T19:59:10.854246+00:00
72,6,11.2,19.5,UNDER-8.3,,,2026-08-13T19:59:40.854325+00:00
73,6,10.9,19.5,UNDER-8.6,,,2026-08-13T20:00:40.854217+00:00
74,6,10.6,19.5,UNDER-8.9,,,2026-08-13T20:01:10.854309+00:00
74,6,10.6,19.5,UNDER-8.9,,,2026-08-13T20:01:40.854238+00:00
75,6,10.3,18.5,UNDER-8.2,,,2026-08-13T20:02:10.854263+00:00
75,6,10.3,18.5,UNDER-8.2,,,2026-08-13T20:02:40.854271+00:00
76,6,10.0,18.5,UNDER-8.5,,,2026-08-13T20:03:40.854282+00:00
77,6,9.8,18.5,UNDER-8.7,,,2026-08-13T20:04:40.854153+00:00
78,6,9.5,17.5,UNDER-8.0,,,2026-08-13T20:05:40.854519+00:00
79,6,9.2,17.5,UNDER-8.3,,,2026-08-13T20:06:40.854160+00:00
80,6,8.9,17.5,UNDER-8.6,,,2026-08-13T20:07:10.854260+00:00
80,6,8.9,17.5,UNDER-8.6,,,2026-08-13T20:07:40.854214+00:00
81,6,8.6,17.5,UNDER-8.9,,,2026-08-13T20:08:10.854251+00:00
81,6,8.6,17.5,UNDER-8.9,,,2026-08-13T20:08:40.854278+00:00
82,6,8.3,17.5,UNDER-9.2,,,2026-08-13T20:09:10.854277+00:00
82,6,8.3,17.5,UNDER-9.2,,,2026-08-13T20:09:40.854703+00:00
83,6,8.0,17.5,UNDER-9.5,,,2026-08-13T20:10:10.854171+00:00
83,7,9.0,17.5,UNDER-8.5,,,2026-08-13T20:10:40.854272+00:00
84,7,8.7,17.5,UNDER-8.8,,,2026-08-13T20:11:40.854503+00:00
85,8,9.4,18.5,UNDER-9.1,,,2026-08-13T20:12:10.854325+00:00
85,8,9.4,17.5,UNDER-8.1,,,2026-08-13T20:12:40.854265+00:00
86,8,9.2,17.5,UNDER-8.3,,,2026-08-13T20:13:10.854216+00:00
86,8,9.2,17.5,UNDER-8.3,,,2026-08-13T20:13:40.854285+00:00
87,8,8.9,17.5,UNDER-8.6,,,2026-08-13T20:14:10.854266+00:00
87,8,8.9,17.5,UNDER-8.6,,,2026-08-13T20:14:40.854240+00:00
88,9,9.6,17.5,UNDER-7.9,,,2026-08-13T20:15:40.854767+00:00
89,9,9.3,17.5,UNDER-8.2,,,2026-08-13T20:16:10.854348+00:00
89,9,9.3,17.5,UNDER-8.2,,,2026-08-13T20:16:40.854159+00:00
90,9,9.0,17.5,UNDER-8.5,,,2026-08-13T20:17:10.854254+00:00
90,10,10.0,17.5,UNDER-7.5,,,2026-08-13T20:17:40.854217+00:00
91,10,9.9,18.5,UNDER-8.6,,,2026-08-13T20:18:10.854363+00:00
92,10,9.8,18.5,UNDER-8.7,,,2026-08-13T20:19:10.854969+00:00
92,10,9.8,18.5,UNDER-8.7,,,2026-08-13T20:19:40.854266+00:00
93,10,9.7,,,,2026-08-13T20:20:10.854181+00:00
93,10,9.7,,,,2026-08-13T20:20:40.854311+00:00
94,10,9.6,,,,2026-08-13T20:21:10.854351+00:00
95,11,10.4,,,,2026-08-13T20:22:10.854120+00:00
95,11,10.4,,,,2026-08-13T20:23:10.855302+00:00
95,11,10.4,,,,2026-08-13T20:23:40.854133+00:00
95,11,10.4,,,,2026-08-13T20:24:10.854268+00:00
95,12,11.4,,,,2026-08-13T20:24:40.854350+00:00
