mid,home,away
IcJBYh6e,Casa Pia,Torreense
ppL3zFyq,Casa Pia,Torreense
f5SwUIIi,Benfica,Estoril
lS5CDcYA,Alverca,Famalicao
rRbLBy3N,Gil Vicente,Sporting Cp
A1I2OEnT,Arouca,Tondela
UoaZIhAj,Braga,Estrela Da Amadora
OpKfQzIG,Casa Pia,Rio Ave
2VVoSdm4,Nacional,Vitoria Guimaraes
vcpi6FQp,Fc Porto,Santa Clara
t224FJ3b,Afs,Moreirense
KnEeHuZo,Benfica,Braga
fVBU2tKh,Estrela Da Amadora,Famalicao
676hNSk1,Arouca,Gil Vicente
OA3oabJH,Rio Ave,Sporting Cp
UNYocxlU,Nacional,Santa Clara
C490L6KD,Moreirense,Tondela
AuDqPlLl,Casa Pia,Vitoria Guimaraes
jc5w1Kl5,Alverca,Estoril
n58M42kt,Afs,Fc Porto
jVdAAk6e,Sporting Cp,Vitoria Guimaraes
OKCVHXDL,Gil Vicente,Rio Ave
E9RDUAcR,Braga,Estoril
CpoJ8Tz8,Casa Pia,Tondela
j7ENJgq9,Alverca,Fc Porto
r5g2CByq,Benfica,Famalicao
IsY4WWSE,Arouca,Santa Clara
jHHydji2,Estrela Da Amadora,Moreirense
riETcCMk,Afs,Nacional
Ya1ycHJ5,Sporting Cp,Tondela
URCJWZNj,Casa Pia,Gil Vicente
CnnNjeFM,Afs,Sporting Cp
vcW1qD7d,Estrela Da Amadora,Fc Porto
jXcEhHpA,Braga,Santa Clara
rVxgoZxp,Estoril,Famalicao
bJxc3YbS,Rio Ave,Vitoria Guimaraes
jgZl5fUF,Benfica,Moreirense
pze6fwGc,Nacional,Tondela
WjJm7Ga3,Alverca,Arouca
n3qAtdZO,Braga,Casa Pia
fTUmtmem,Estoril,Moreirense
bujnkrvI,Braga,Famalicao
2Ddwi495,Fc Porto,Tondela
I7FDzqPO,Benfica,Sporting Cp
UoqWhQvg,Arouca,Estrela Da Amadora
8WfNfnAt,Gil Vicente,Vitoria Guimaraes
MuM4x5fC,Casa Pia,Santa Clara
lSNdvRPa,Alverca,Nacional
OpvIo9XP,Afs,Rio Ave
re4uFAdl,Gil Vicente,Tondela
dIAeBSeD,Estoril,Fc Porto
rk1VN5uJ,Benfica,Nacional
OAN8KWYQ,Arouca,Braga
r9qET9Bs,Alverca,Casa Pia
OO2sZVmK,Estrela Da Amadora,Sporting Cp
zPcNPRA6,Rio Ave,Santa Clara
z3MnDlR0,Afs,Vitoria Guimaraes
GMsMRmtf,Famalicao,Moreirense
lYr60Bse,Benfica,Casa Pia
zksEbkC7,Arouca,Estoril
QiZGM1bc,Famalicao,Fc Porto
SIfc2XCr,Braga,Moreirense
YcnVbb6j,Alverca,Rio Ave
Gt6b4KrT,Estrela Da Amadora,Nacional
MJSPKuT9,Santa Clara,Sporting Cp
jcP0Mh4E,Tondela,Vitoria Guimaraes
8G2j6tEG,Afs,Gil Vicente
vyBZ9OEi,Braga,Fc Porto
KGPI9f3B,Alverca,Sporting Cp
CjMABGYb,Estoril,Rio Ave
6DaqeelI,Afs,Tondela
n1Es82q4,Benfica,Vitoria Guimaraes
CE4c2Ceo,Gil Vicente,Santa Clara
GrJR7YXN,Famalicao,Nacional
jyY1Dx4n,Arouca,Moreirense
2ughgZIU,Casa Pia,Estrela Da Amadora
vwt2rI4C,Fc Porto,Moreirense
WEHD48LE,Estrela Da Amadora,Rio Ave
jH9K0aKt,Afs,Santa Clara
48PRt5T7,Estoril,Nacional
xY7Sbwkg,Arouca,Benfica
Aclon05m,Alverca,Gil Vicente
rBngpvz0,Famalicao,Vitoria Guimaraes
dMpqWmFk,Rio Ave,Tondela
h8Uoj96L,Santa Clara,Vitoria Guimaraes
rgyJrRbe,Benfica,Fc Porto
4nliURq2,Estrela Da Amadora,Gil Vicente
6i64wWMF,Casa Pia,Estoril
zTXApmUr,Braga,Sporting Cp
APCeuhh3,Afs,Alverca
KfWwhVy9,Moreirense,Nacional
Cl9CyAiS,Arouca,Famalicao
QJVVOW7M,Benfica,Gil Vicente
tWeS4BGj,Famalicao,Rio Ave
IVP9Hl0d,Casa Pia,Moreirense
dvvFSE8c,Santa Clara,Tondela
j1HmCgOG,Alverca,Vitoria Guimaraes
44sNQhwA,Braga,Nacional
M3W0JAVq,Afs,Estrela Da Amadora
ryEuEFg4,Estoril,Sporting Cp
p0AdAXhT,Arouca,Fc Porto
4CFwb336,Casa Pia,Famalicao
xvgKAtmC,Fc Porto,Rio Ave
dKXpdsYI,Estoril,Gil Vicente
MLPWFyPi,Braga,Vitoria Guimaraes
8pMUaPYg,Afs,Benfica
fFXphYWp,Moreirense,Sporting Cp
8b13EOmm,Alverca,Santa Clara
4QfCC2Ia,Arouca,Nacional
xGAXJpQP,Estrela Da Amadora,Tondela
tA2mmnkl,Moreirense,Rio Ave
MPLGh8RQ,Famalicao,Sporting Cp
Gnsj77tK,Afs,Estoril
zXNM1o4s,Fc Porto,Nacional
lz6eoQJ0,Braga,Gil Vicente
QwjGlv9e,Estrela Da Amadora,Vitoria Guimaraes
lCN8fUdE,Arouca,Casa Pia
Y3gOnIw8,Alverca,Tondela
Akf4q4lD,Benfica,Santa Clara
YuBydMGL,Fc Porto,Sporting Cp
jmb5zllo,Afs,Famalicao
Chq0dVA4,Alverca,Benfica
4O17j0vq,Braga,Rio Ave
6ethbith,Casa Pia,Nacional
SSuybrn9,Arouca,Vitoria Guimaraes
zZhkzuf2,Estoril,Tondela
v7atx1Pk,Estrela Da Amadora,Santa Clara
Y7X8f9uH,Gil Vicente,Moreirense
jJW9oEdn,Casa Pia,Fc Porto
0fi0RABU,Afs,Braga
4SciTWtI,Benfica,Tondela
rulTYzDt,Nacional,Sporting Cp
WEaqVhC5,Famalicao,Gil Vicente
CYKIqhRb,Alverca,Estrela Da Amadora
j5iyXEsg,Arouca,Rio Ave
bkJQsWeB,Estoril,Santa Clara
fHCZuAQN,Moreirense,Vitoria Guimaraes
Wvqz4GD6,Fc Porto,Gil Vicente
QstS5xqf,Alverca,Braga
vRNIEXRO,Benfica,Estrela Da Amadora
W0KAGgcC,Famalicao,Tondela
K0PUPczQ,Nacional,Rio Ave
vo61Kybm,Estoril,Vitoria Guimaraes
Cb49IFSa,Arouca,Sporting Cp
hfXr2frJ,Moreirense,Santa Clara
UFnJ7bEs,Afs,Casa Pia
IekDB7FF,Estoril,Estrela Da Amadora
bTPoQ6U8,Fc Porto,Vitoria Guimaraes
zyG9inOq,Braga,Tondela
rLsa23x2,Famalicao,Santa Clara
UZ8IkQhd,Benfica,Rio Ave
MTe4DTp3,Afs,Arouca
QLhL9opS,Alverca,Moreirense
AgUi4P7k,Gil Vicente,Nacional
4hPwc80M,Casa Pia,Sporting Cp
WIZWkEVs,Moreirense,Tondela
zwHDZD2b,Nacional,Santa Clara
O2k1Q9Pp,Alverca,Famalicao
d6penin4,Fc Porto,Santa Clara
dUSswm9j,Casa Pia,Rio Ave
4I8UVV1N,Afs,Moreirense
4Wm3pVGG,Benfica,Estoril
rwyVbUV9,Braga,Estrela Da Amadora
zDXM0j1c,Arouca,Tondela
0bsCr9oT,Nacional,Vitoria Guimaraes
zidnlDHi,Gil Vicente,Sporting Cp
4WXvlh0f,Afs,Fc Porto
lMI5yzYo,Rio Ave,Sporting Cp
W4AMXiXA,Benfica,Braga
E1g0ez8K,Arouca,Gil Vicente
ne1EXWFD,Casa Pia,Vitoria Guimaraes
8OUepAaJ,Alverca,Estoril
0bRmnWU6,Estrela Da Amadora,Famalicao
GWhRrcOE,Sporting Cp,Vitoria Guimaraes
0OAvLgW7,Benfica,Famalicao
WrJNOyXr,Alverca,Fc Porto
IF9cyFGl,Arouca,Santa Clara
lpiZtygR,Casa Pia,Tondela
61ZrWJv9,Afs,Nacional
2TSiUc9L,Estrela Da Amadora,Moreirense
hb7WMF1e,Gil Vicente,Rio Ave
QuD5Zho1,Braga,Estoril
niJ9HKPF,Estrela Da Amadora,Fc Porto
j5Z6caYq,Braga,Santa Clara
CM2ZF7lB,Nacional,Tondela
867IFbfS,Alverca,Arouca
IuglAxIk,Benfica,Moreirense
vRF1Jte3,Estoril,Famalicao
OIXEew3d,Afs,Sporting Cp
E7nc8Gn2,Rio Ave,Vitoria Guimaraes
4daRHTJb,Casa Pia,Gil Vicente
02Ha3U45,Gil Vicente,Vitoria Guimaraes
hIV8an4U,Fc Porto,Tondela
hdfYn9KO,Alverca,Nacional
YFF718ZH,Arouca,Estrela Da Amadora
naiQlVkC,Estoril,Moreirense
rsBIJkkn,Braga,Famalicao
jXcHjiLa,Afs,Rio Ave
dAKr7C5t,Casa Pia,Santa Clara
4zOj5jzg,Benfica,Sporting Cp
Ora1PEM0,Arouca,Braga
tKVRuz7s,Estoril,Fc Porto
xnPzvEyf,Estrela Da Amadora,Sporting Cp
bZIxbZSP,Rio Ave,Santa Clara
W829NhiD,Gil Vicente,Tondela
IJa9hDjm,Benfica,Nacional
pCSrxh66,Alverca,Casa Pia
6RGizWzJ,Famalicao,Moreirense
plpdodqK,Afs,Vitoria Guimaraes
xSSJo5w3,Benfica,Casa Pia
pYuYN1od,Braga,Moreirense
INegVqgM,Famalicao,Fc Porto
nPKhRFzi,Afs,Gil Vicente
40kwZRgc,Estrela Da Amadora,Nacional
l6nPPNGq,Santa Clara,Sporting Cp
2TAhRzhl,Tondela,Vitoria Guimaraes
d87pX5O9,Alverca,Rio Ave
dUrLqq8F,Arouca,Estoril
8As6zKD4,Gil Vicente,Santa Clara
fRuEYcrH,Braga,Fc Porto
SjMWLKbB,Arouca,Moreirense
QRPFP2an,Afs,Tondela
jgZMWyDT,Benfica,Vitoria Guimaraes
YiTNNtUb,Casa Pia,Estrela Da Amadora
04KvKbTN,Estoril,Rio Ave
negcxtqh,Famalicao,Nacional
Kl1BExio,Alverca,Sporting Cp
veZuDPFt,Fc Porto,Moreirense
zNSlB3pg,Braga,Casa Pia
MDa55aEU,Sporting Cp,Tondela
SIpsFCoR,Estoril,Nacional
EFIU588D,Famalicao,Vitoria Guimaraes
Emdc7LqI,Arouca,Benfica
n3RD9j9l,Estrela Da Amadora,Rio Ave
8zRd9sF5,Afs,Santa Clara
h0UL7Uw1,Alverca,Gil Vicente
f5nZGYGE,Benfica,Fc Porto
vc4ngVO7,Braga,Sporting Cp
4GXj4eX8,Rio Ave,Tondela
CMp5thu2,Arouca,Famalicao
ht6veife,Santa Clara,Vitoria Guimaraes
0UoRmzmS,Afs,Alverca
0rRa2Z1L,Estrela Da Amadora,Gil Vicente
WQHVdDPr,Moreirense,Nacional
WCxcrEAk,Casa Pia,Estoril
WSIZvu4c,Arouca,Fc Porto
hr7rwJY9,Famalicao,Rio Ave
KhiNVzRq,Braga,Nacional
6kRmHyCj,Alverca,Vitoria Guimaraes
Cl9FZqSH,Estoril,Sporting Cp
WlfAiIm3,Afs,Estrela Da Amadora
08Ajyc3M,Santa Clara,Tondela
vFcIkdIF,Casa Pia,Moreirense
h6kVTEed,Benfica,Gil Vicente
phKn4iwn,Benfica,Rio Ave
r9HbwSSh,Moreirense,Sporting Cp
C62oWALP,Casa Pia,Famalicao
UNrIQlqm,Estoril,Gil Vicente
2ysQOSDa,Estrela Da Amadora,Tondela
vyB7y6c5,Braga,Vitoria Guimaraes
p0Aa87TI,Afs,Benfica
6TwsLpDO,Arouca,Nacional
b3zZM6rC,Alverca,Santa Clara
As4iulbt,Fc Porto,Rio Ave
0nHBJXyK,Braga,Gil Vicente
EVfAF3Jl,Arouca,Casa Pia
2wdWMoRE,Estrela Da Amadora,Vitoria Guimaraes
zoqJDsl1,Famalicao,Sporting Cp
OpMjATb6,Fc Porto,Nacional
GKIrCkUg,Afs,Estoril
rBnRBLID,Moreirense,Rio Ave
b5kuLPeR,Alverca,Tondela
dI2sEBas,Benfica,Santa Clara
bNfJnEqo,Estoril,Santa Clara
Aq9parZ7,Braga,Rio Ave
0n1mNfLc,Estrela Da Amadora,Santa Clara
l8XU4D5T,Alverca,Benfica
8C4eLYkA,Estoril,Tondela
EHFy144e,Fc Porto,Sporting Cp
nqyE8e64,Afs,Famalicao
S0HT2QZr,Arouca,Vitoria Guimaraes
f9vM6ZzH,Casa Pia,Nacional
pvJ0aiTj,Gil Vicente,Moreirense
UixehzMN,Alverca,Estrela Da Amadora
0CpvdIMb,Afs,Braga
dvvmfdiB,Casa Pia,Fc Porto
lYGLwy7U,Famalicao,Gil Vicente
ryEDucxI,Arouca,Rio Ave
hnsWcvhn,Benfica,Tondela
n9K4sJ75,Nacional,Sporting Cp
QTn5AHyh,Moreirense,Vitoria Guimaraes
hKpskA9E,Fc Porto,Gil Vicente
lEhvRcNO,Arouca,Sporting Cp
hUmeR6H7,Alverca,Braga
O67EW1gm,Moreirense,Santa Clara
KY0NUuOa,Nacional,Rio Ave
EeMdquwg,Benfica,Estrela Da Amadora
Sb4VSJhC,Estoril,Vitoria Guimaraes
ITSmo18t,Famalicao,Tondela
p4pmTSne,Afs,Casa Pia
l2Sw2MDF,Fc Porto,Vitoria Guimaraes
YRV209xB,Estoril,Estrela Da Amadora
tvfxplhU,Braga,Tondela
4Ehzr1Mq,Alverca,Moreirense
SnvV3rq3,Famalicao,Santa Clara
hINf2V7b,Afs,Arouca
0tnqtuid,Gil Vicente,Nacional
YDjUoANH,Casa Pia,Sporting Cp
