mid,Acertou na trave_casa,Acertou na trave_fora,Alívios_casa,Alívios_fora,Assistências esperadas (xA)_casa,Assistências esperadas (xA)_fora,Cantos_casa,Cantos_fora,Cartões amarelos_casa,Cartões amarelos_fora,Cruzamentos_casa,Cruzamentos_fora,Defesas guarda-redes_casa,Defesas guarda-redes_fora,Desarmes_casa,Desarmes_fora,Duelos ganhos_casa,Duelos ganhos_fora,Erros que dão golo_casa,Erros que dão golo_fora,Erros que dão remate_casa,Erros que dão remate_fora,Faltas_casa,Faltas_fora,Foras de Jogo_casa,Foras de Jogo_fora,Golos esperados (xG)_casa,Golos esperados (xG)_fora,Golos evitados_casa,Golos evitados_fora,Grandes oportunidades_casa,Grandes oportunidades_fora,Interceções_casa,Interceções_fora,Lançamentos_casa,Lançamentos_fora,Livres_casa,Livres_fora,Passes em profundidade certos_casa,Passes em profundidade certos_fora,Passes longos_casa,Passes longos_fora,Passes no último terço_casa,Passes no último terço_fora,Passes_casa,Passes_fora,Posse de bola_casa,Posse de bola_fora,Remates bloqueados_casa,Remates bloqueados_fora,Remates dentro da área_casa,Remates dentro da área_fora,Remates fora da área_casa,Remates fora da área_fora,Remates para fora_casa,Remates para fora_fora,Remates à baliza_casa,Remates à baliza_fora,Toques na área adversária_casa,Toques na área adversária_fora,Total remates_casa,Total remates_fora,xG remates à baliza (xGOT)_casa,xG remates à baliza (xGOT)_fora,xGOT enfrentado_casa,xGOT enfrentado_fora
IcJBYh6e,1,1,31,16,1.95,1.24,6,9,3,3,38% (8/21),32% (11/34),2,6,64% (16/25),67% (6/9),58,45,0,0,1,0,12,10,1,1,2.45,1.29,0.17,0.84,4,1,15,3,16,27,10,12,1,0,37% (24/65),57% (31/54),59% (68/116),71% (110/154),70% (175/251),82% (333/408),38%,62%,2,7,10,12,3,8,3,11,8,2,24,36,13,20,2.84,0.17,0.17,2.84
ppL3zFyq,0,0,22,38,0.58,0.82,5,3,1,5,19% (5/27),11% (1/9),2,2,78% (7/9),57% (8/14),55,47,0,0,1,0,12,17,1,2,0.71,0.63,0.29,0.62,1,2,8,6,18,19,17,12,0,1,39% (23/59),37% (22/59),63% (69/110),39% (29/74),79% (308/389),71% (200/282),59%,41%,5,0,10,3,4,3,7,4,2,2,26,7,14,6,0.62,0.29,0.29,0.62
f5SwUIIi,0,0,28,9,1.27,1.64,2,9,3,2,45% (5/11),30% (6/20),4,5,47% (7/15),44% (7/16),40,43,0,0,4,0,9,12,1,2,1.51,4.22,-0.77,0.09,1,6,10,7,15,17,12,9,0,0,41% (15/37),44% (15/34),79% (71/90),75% (114/153),83% (356/430),85% (393/464),47%,53%,2,4,12,15,4,4,8,7,6,8,21,56,16,19,1.09,2.23,2.23,1.09
lS5CDcYA,1,1,15,22,0.91,0.41,6,5,1,2,27% (7/26),29% (2/7),1,1,41% (7/17),45% (5/11),33,38,0,0,1,0,9,8,3,2,0.56,0.47,0.07,-0.17,2,3,7,7,13,18,8,9,0,0,39% (13/33),57% (25/44),74% (83/112),53% (30/57),87% (357/412),85% (367/431),50%,50%,3,0,5,5,6,2,6,6,2,1,20,19,11,7,0.83,0.07,0.07,0.83
rRbLBy3N,0,0,13,18,1.54,0.75,6,1,0,1,27% (4/15),29% (2/7),1,2,67% (12/18),55% (12/22),51,45,0,0,0,0,13,14,1,1,1.61,0.64,0.09,-0.59,1,1,7,5,8,15,14,13,0,0,63% (20/32),59% (26/44),79% (100/127),80% (71/89),91% (525/579),82% (292/355),62%,38%,5,2,11,3,4,7,5,7,5,1,33,16,15,10,2.41,0.09,0.09,2.41
A1I2OEnT,1,0,22,13,2.04,0.61,5,6,3,1,21% (3/14),10% (2/21),1,1,80% (16/20),60% (9/15),57,45,0,0,1,2,12,12,3,1,1.78,0.62,-0.41,-1.50,5,1,5,8,18,23,12,12,0,1,47% (34/73),48% (27/56),71% (68/96),66% (82/124),81% (376/467),81% (325/402),53%,47%,4,6,11,4,5,7,8,3,4,2,23,20,16,11,1.50,0.59,0.59,1.50
UoaZIhAj,0,1,10,28,0.60,0.37,7,1,1,5,7% (1/14),0% (0/4),2,2,71% (10/14),72% (13/18),37,49,0,0,0,0,13,9,1,1,2.38,0.71,-0.24,-0.05,3,1,6,12,26,15,9,13,0,0,57% (8/14),44% (27/61),83% (222/266),33% (10/30),91% (628/692),74% (183/246),74%,26%,4,0,7,4,7,2,6,2,4,4,26,9,14,6,1.95,1.76,1.76,1.95
OpKfQzIG,0,0,34,47,1.63,0.60,9,0,1,0,23% (7/30),11% (1/9),2,4,92% (11/12),64% (9/14),48,60,1,0,0,0,17,14,3,0,2.44,0.75,0.03,0.42,5,2,9,8,27,22,14,17,0,1,41% (20/49),35% (21/60),69% (100/145),71% (88/124),74% (204/276),81% (350/431),41%,59%,8,1,13,2,7,4,7,2,5,3,39,11,20,6,1.42,1.03,1.03,1.42
2VVoSdm4,0,1,31,28,0.21,0.78,2,6,4,3,25% (2/8),27% (6/22),5,1,56% (5/9),45% (5/11),46,47,0,0,0,0,17,13,1,2,0.93,1.39,1.82,-0.09,1,1,7,7,21,15,13,17,0,0,43% (23/54),28% (9/32),46% (32/69),64% (72/112),68% (148/219),83% (338/406),35%,65%,1,4,3,8,2,5,1,5,3,4,9,21,5,13,1.91,1.82,1.82,1.91
vcpi6FQp,0,0,17,24,0.92,0.45,8,5,,,41% (7/17),27% (4/15),0,6,69% (11/16),67% (14/21),45,44,0,0,1,0,11,9,2,1,0.91,0.50,0.00,1.16,1,1,11,10,14,22,9,11,0,0,49% (18/37),23% (9/40),66% (87/132),62% (39/63),82% (322/395),78% (275/352),53%,47%,5,3,7,5,7,6,3,8,6,0,31,15,14,11,1.16,0.00,0.00,1.16
t224FJ3b,1,0,23,20,1.43,0.69,5,3,2,3,30% (9/30),20% (1/5),0,4,82% (9/11),50% (10/20),43,43,0,0,0,0,10,12,1,6,1.08,1.98,0.00,1.08,3,3,13,12,15,21,12,10,0,1,60% (30/50),39% (23/59),73% (107/146),44% (24/55),89% (480/541),74% (229/308),64%,36%,4,4,8,5,5,3,5,4,4,0,27,14,13,8,1.08,0.00,0.00,1.08
KnEeHuZo,0,0,7,25,1.00,0.27,8,2,1,4,38% (6/16),67% (2/3),0,6,81% (13/16),59% (10/17),61,42,0,1,0,1,6,11,2,1,2.90,0.21,-1.15,1.28,3,1,9,8,28,21,11,6,0,0,57% (23/40),35% (17/49),70% (109/156),67% (82/123),82% (386/473),80% (353/442),52%,48%,8,2,16,2,8,3,8,1,8,2,49,12,24,5,2.84,0.85,0.85,3.28
fVBU2tKh,0,1,31,15,0.29,1.00,3,10,3,1,23% (3/13),18% (5/28),4,1,65% (11/17),44% (8/18),40,54,0,0,3,0,16,9,0,1,0.26,1.96,0.82,0.02,0,3,12,7,15,24,9,16,0,0,35% (22/62),59% (34/58),51% (38/74),74% (111/151),73% (223/305),86% (407/475),39%,61%,2,3,3,9,1,6,1,8,1,4,8,24,4,15,0.02,0.82,0.82,0.02
676hNSk1,1,0,26,20,0.76,1.16,6,2,2,1,33% (8/24),36% (4/11),4,4,67% (6/9),65% (13/20),41,52,0,0,0,0,13,17,2,2,0.81,1.40,-1.17,-0.72,2,2,8,6,14,22,17,13,0,1,56% (20/36),44% (30/68),72% (64/89),68% (53/78),87% (309/355),83% (378/454),45%,55%,5,3,10,7,5,6,5,4,5,6,22,12,15,13,0.28,1.83,1.83,0.28
OA3oabJH,0,0,20,20,1.14,1.11,5,6,5,2,45% (5/11),14% (2/14),2,2,47% (7/15),36% (4/11),34,32,0,1,0,1,9,7,0,0,0.97,1.56,-1.15,0.18,2,2,6,2,11,11,7,9,0,1,56% (25/45),62% (21/34),63% (54/86),86% (162/189),82% (245/299),91% (486/535),36%,64%,3,5,9,11,3,5,6,6,3,5,31,40,12,16,1.18,1.85,1.85,1.18
UNYocxlU,0,0,39,21,0.84,0.76,4,6,1,2,29% (5/17),26% (5/19),1,0,55% (12/22),58% (7/12),67,48,0,0,0,2,10,16,1,0,1.53,0.92,0.39,-0.06,2,2,8,5,19,28,16,10,0,1,40% (19/48),37% (20/54),61% (43/70),62% (71/114),76% (228/301),81% (360/446),41%,59%,3,3,8,7,4,5,8,8,1,1,16,19,12,12,0.94,0.39,0.39,0.94
C490L6KD,2,0,25,13,1.29,0.30,1,8,1,3,25% (2/8),8% (2/24),2,1,71% (10/14),63% (12/19),33,48,0,0,0,2,14,9,1,1,1.39,0.30,0.21,-0.12,3,0,7,11,15,23,9,14,0,0,27% (15/55),52% (28/54),63% (68/108),71% (96/136),79% (286/363),86% (460/537),40%,60%,5,2,8,4,6,6,6,6,3,2,21,8,14,10,1.88,0.21,0.21,1.88
AuDqPlLl,1,0,27,32,0.84,0.64,6,4,2,1,29% (9/31),25% (3/12),4,3,76% (13/17),69% (11/16),60,45,0,0,2,0,11,16,3,1,0.94,0.88,0.50,0.12,0,1,8,15,18,20,16,11,0,2,59% (33/56),34% (20/59),67% (85/126),48% (40/83),84% (420/502),62% (129/208),71%,29%,5,2,10,8,5,3,8,4,2,5,27,16,15,11,0.12,1.50,1.50,0.12
jc5w1Kl5,0,1,30,18,0.78,0.67,4,4,3,2,31% (4/13),14% (3/22),2,0,67% (10/15),62% (8/13),42,46,0,0,0,0,20,15,3,0,1.15,0.87,-0.24,-0.01,2,2,7,4,12,25,15,20,0,1,31% (15/49),56% (18/32),64% (47/74),67% (91/136),81% (288/356),86% (428/495),42%,58%,3,1,5,5,3,6,4,7,1,3,13,20,8,11,0.99,0.76,0.76,0.99
n58M42kt,0,0,47,12,0.80,2.31,3,7,2,2,45% (5/11),32% (8/25),4,2,52% (11/21),75% (6/8),53,43,0,1,0,0,7,9,1,1,0.87,3.20,0.65,-1.91,2,5,10,7,18,24,9,7,0,1,25% (15/59),50% (16/32),52% (36/69),75% (152/202),68% (171/251),85% (467/550),31%,69%,2,10,6,16,3,4,2,6,5,4,13,62,9,20,1.09,1.65,1.65,1.09
jVdAAk6e,0,0,22,15,2.81,0.56,1,7,0,3,17% (1/6),20% (3/15),6,5,33% (7/21),57% (8/14),53,33,1,0,2,0,7,13,3,2,4.57,0.61,0.92,-0.73,9,1,10,13,16,15,13,7,7,0,66% (27/41),47% (20/43),73% (72/99),74% (94/127),86% (419/490),83% (378/457),52%,48%,1,3,10,5,4,8,3,5,10,5,30,24,14,13,4.27,0.92,0.92,4.27
OKCVHXDL,0,1,36,30,1.22,0.75,9,7,1,2,38% (10/26),16% (5/32),2,2,55% (11/20),69% (9/13),59,44,0,0,0,0,9,12,3,1,1.40,0.71,0.46,0.48,3,0,6,9,26,17,12,9,0,0,40% (21/52),53% (21/40),59% (54/91),73% (96/132),78% (259/334),83% (355/428),44%,56%,10,3,16,6,2,7,6,8,2,2,34,33,18,13,0.48,0.46,0.46,0.48
E9RDUAcR,0,1,10,22,0.50,0.64,5,4,3,3,40% (4/10),0% (0/11),3,2,64% (9/14),69% (11/16),41,52,1,0,0,1,15,10,0,2,0.41,1.06,1.06,-0.59,0,3,10,10,14,13,10,15,0,1,37% (22/59),35% (15/43),59% (66/112),66% (60/91),84% (400/479),84% (404/481),50%,50%,4,3,7,5,3,5,3,3,3,4,21,15,10,10,0.41,2.06,2.06,0.41
CpoJ8Tz8,0,1,16,32,0.88,0.25,7,2,8,3,18% (4/22),10% (1/10),5,3,67% (8/12),55% (6/11),50,48,0,0,0,0,22,19,1,2,0.38,1.53,-0.07,0.40,1,3,8,8,20,11,19,22,1,0,40% (23/58),50% (28/56),57% (65/114),67% (79/118),74% (261/351),82% (330/401),48%,52%,1,0,3,5,1,4,0,4,3,5,20,14,4,9,0.40,0.93,0.93,0.40
j7ENJgq9,2,0,22,17,0.43,0.31,5,4,1,4,19% (4/21),25% (4/16),4,3,73% (11/15),74% (14/19),53,50,0,0,1,1,21,19,1,0,0.65,0.68,0.28,-0.17,0,1,8,2,16,20,19,21,0,0,59% (23/39),47% (22/47),72% (88/122),67% (47/70),88% (383/436),80% (271/339),56%,44%,7,1,10,5,3,5,2,4,4,5,20,15,13,10,0.83,0.28,0.28,0.83
r5g2CByq,1,0,31,23,1.27,0.31,6,4,2,2,34% (10/29),17% (1/6),0,3,44% (7/16),71% (12/17),47,61,0,0,2,0,20,14,0,1,1.58,1.29,-1.20,-0.78,3,2,8,10,19,20,14,20,0,0,48% (16/33),40% (17/43),79% (99/126),55% (50/91),87% (348/401),78% (248/318),57%,43%,3,2,11,7,4,1,7,3,5,3,22,18,15,8,1.22,0.80,0.80,1.22
IsY4WWSE,0,0,25,22,0.54,1.38,5,6,3,3,46% (6/13),20% (5/25),1,3,69% (9/13),63% (5/8),34,37,0,0,0,0,15,8,1,3,0.96,1.61,-0.21,-0.16,1,2,5,4,13,21,8,15,0,0,47% (14/30),61% (35/57),70% (65/93),74% (83/112),88% (379/429),88% (354/404),51%,49%,1,3,3,8,6,3,3,4,5,4,14,20,9,11,1.84,1.79,1.79,1.84
jHHydji2,0,0,15,16,0.89,0.96,1,4,4,4,25% (5/20),23% (3/13),1,2,57% (8/14),76% (13/17),48,53,0,0,0,0,18,18,1,0,1.87,2.83,-0.24,0.22,3,4,12,13,21,15,18,18,1,1,57% (31/54),37% (28/76),73% (98/135),51% (37/72),88% (495/563),72% (207/286),66%,34%,5,3,9,8,5,2,4,4,5,3,19,21,14,10,3.22,1.76,1.76,3.22
riETcCMk,0,0,20,42,1.75,0.85,8,6,4,2,33% (14/42),18% (3/17),1,4,73% (16/22),42% (8/19),61,45,0,0,0,0,8,14,0,1,1.83,1.65,-0.39,-0.15,1,1,11,15,24,19,14,8,0,0,40% (19/47),30% (13/44),73% (98/134),58% (40/69),84% (363/433),70% (142/203),68%,32%,9,9,16,9,9,10,10,7,6,3,47,23,25,19,0.85,1.61,1.61,0.85
Ya1ycHJ5,0,0,7,24,2.15,0.53,5,5,2,3,9% (1/11),32% (6/19),1,4,50% (8/16),50% (14/28),42,55,0,0,1,2,16,8,4,2,1.91,1.27,0.36,0.41,1,2,9,7,13,7,8,16,5,0,60% (21/35),27% (12/45),85% (238/279),77% (82/107),90% (636/707),81% (310/382),64%,36%,5,1,15,6,1,3,6,6,5,2,37,14,16,9,1.41,1.36,1.36,1.41
URCJWZNj,0,0,19,42,0.91,0.60,4,3,5,3,13% (3/24),30% (3/10),1,2,64% (7/11),75% (15/20),47,68,0,0,1,0,15,18,1,3,1.87,1.21,-0.14,-0.03,4,1,11,9,28,17,18,15,1,0,56% (37/66),43% (28/65),65% (66/101),58% (56/97),81% (317/390),73% (240/327),55%,45%,5,1,8,6,4,1,3,4,4,2,19,18,12,7,1.97,0.86,0.86,1.97
CnnNjeFM,1,2,51,17,0.22,2.78,0,9,3,1,17% (1/6),10% (3/29),7,3,71% (10/14),33% (5/15),38,45,0,0,0,0,15,8,0,2,1.53,3.27,1.94,0.13,2,3,12,5,9,24,8,15,0,1,32% (15/47),71% (30/42),38% (23/60),81% (222/275),70% (140/201),87% (523/598),25%,75%,3,3,4,12,7,8,4,9,4,8,10,52,11,20,1.13,2.94,2.94,1.13
vcW1qD7d,3,1,20,22,1.07,1.01,0,6,3,3,33% (4/12),30% (6/20),2,2,59% (10/17),81% (13/16),52,51,0,0,0,1,15,15,0,3,1.76,1.81,-0.01,-0.31,3,2,7,9,9,16,15,15,1,0,32% (20/63),51% (26/51),58% (38/66),60% (72/120),77% (273/354),82% (326/396),47%,53%,2,3,7,6,4,5,6,4,3,4,11,33,11,11,0.69,1.99,1.99,0.69
jXcEhHpA,0,0,23,39,2.27,0.14,4,1,4,4,25% (6/24),0% (0/4),1,1,38% (6/16),33% (5/15),45,50,1,1,0,1,15,11,2,0,2.84,0.17,-0.82,-1.21,5,0,10,5,24,25,11,15,0,0,44% (22/50),56% (33/59),60% (64/107),65% (55/85),75% (213/283),86% (447/521),37%,63%,2,1,8,1,6,2,9,0,3,2,20,3,14,3,0.79,0.18,0.18,0.79
rVxgoZxp,0,0,23,29,0.91,0.65,9,4,0,2,6% (1/18),21% (4/19),4,2,40% (6/15),86% (12/14),48,49,0,0,0,1,19,11,2,0,0.44,1.15,0.91,0.04,1,3,7,5,14,10,11,19,0,1,54% (22/41),48% (27/56),64% (68/107),64% (60/94),85% (371/438),79% (290/367),54%,46%,4,0,3,6,6,0,3,0,2,6,19,13,9,6,0.04,1.91,1.91,0.04
bJxc3YbS,0,0,27,33,1.11,0.39,3,5,4,4,15% (3/20),27% (4/15),4,1,65% (17/26),78% (14/18),59,53,0,0,0,0,7,13,1,2,1.18,0.44,0.32,-0.79,2,1,9,11,21,22,13,7,0,0,28% (15/53),43% (28/65),64% (68/107),67% (65/97),80% (395/491),76% (286/378),56%,44%,3,1,6,4,5,1,5,0,3,4,24,15,11,5,1.21,0.32,0.32,1.21
jgZl5fUF,2,0,13,26,1.91,0.52,9,2,2,2,43% (6/14),50% (3/6),3,4,38% (5/13),50% (6/12),51,41,1,1,0,2,13,14,2,0,2.00,0.89,0.35,-0.14,4,2,9,12,20,20,14,13,1,0,60% (30/50),33% (19/58),62% (71/115),61% (47/77),84% (409/485),79% (283/359),58%,42%,4,1,14,6,3,2,5,3,8,4,36,10,17,8,3.86,1.35,1.35,3.86
pze6fwGc,1,0,16,48,1.23,0.53,8,7,2,1,20% (5/25),21% (4/19),5,5,40% (6/15),68% (13/19),60,57,0,0,3,0,16,15,1,1,1.56,1.32,0.48,0.61,1,3,12,13,31,15,15,16,0,0,52% (24/46),38% (27/72),77% (114/149),48% (48/99),82% (370/450),66% (184/277),62%,38%,8,7,13,8,9,9,9,4,5,6,36,16,22,17,0.61,1.48,1.48,0.61
WjJm7Ga3,0,0,33,27,0.88,0.59,6,3,0,6,25% (4/16),11% (2/18),1,1,50% (4/8),75% (9/12),44,32,0,0,0,0,8,12,4,2,0.85,0.87,-0.91,-0.05,2,1,6,10,13,26,12,8,0,0,39% (18/46),45% (22/49),60% (52/87),67% (109/162),75% (240/320),85% (504/592),35%,65%,2,5,5,6,2,8,2,6,3,3,14,13,7,14,1.95,0.09,0.09,1.95
n3qAtdZO,0,0,15,25,0.62,0.56,4,5,2,3,0% (0/14),17% (2/12),1,1,62% (8/13),64% (7/11),38,50,0,0,0,0,9,9,3,2,0.49,0.48,-0.42,0.27,1,1,11,3,22,18,9,9,0,0,30% (19/63),33% (16/49),52% (46/88),69% (104/150),71% (221/312),87% (639/731),31%,69%,2,2,2,2,5,6,4,4,1,2,15,18,7,8,0.27,0.58,0.58,0.27
fTUmtmem,0,2,19,21,0.58,0.33,5,1,0,2,43% (3/7),20% (2/10),1,3,53% (8/15),61% (14/23),48,53,0,0,1,1,14,12,1,3,0.82,0.36,0.53,1.28,2,2,15,11,21,22,12,14,1,1,34% (24/71),45% (26/58),66% (69/105),50% (51/103),77% (304/396),80% (428/534),43%,57%,2,1,7,4,4,0,5,2,4,1,19,11,11,4,2.28,0.53,0.53,2.28
bujnkrvI,0,0,21,22,1.38,0.53,5,2,2,5,35% (6/17),38% (3/8),1,2,67% (6/9),63% (10/16),45,37,0,0,1,0,10,11,0,1,1.78,0.51,-0.37,-0.31,2,1,5,8,23,26,11,10,1,0,46% (17/37),38% (13/34),79% (180/227),61% (42/69),90% (674/745),81% (272/337),69%,31%,2,0,8,3,2,3,4,3,4,3,26,12,10,6,1.69,1.63,1.63,1.69
2Ddwi495,0,0,15,28,1.76,0.16,8,3,4,6,28% (8/29),0% (0/7),3,6,69% (11/16),56% (14/25),50,54,0,0,0,0,12,11,4,0,3.15,0.13,0.16,0.39,4,0,3,2,22,13,11,12,0,0,53% (16/30),29% (15/52),79% (116/147),67% (53/79),88% (444/503),81% (275/341),60%,40%,7,0,16,0,6,5,7,2,8,3,54,3,22,5,2.39,0.16,0.16,2.39
I7FDzqPO,2,0,14,17,0.89,1.12,3,8,2,1,33% (4/12),38% (6/16),3,5,50% (10/20),65% (13/20),60,47,0,0,0,1,13,8,1,1,1.63,2.27,0.36,0.82,2,4,3,9,22,14,8,13,1,0,50% (22/44),33% (17/52),81% (130/161),71% (94/132),85% (419/491),75% (227/303),61%,39%,4,4,12,9,7,5,9,5,6,5,30,24,19,14,1.82,2.36,2.36,1.82
UoqWhQvg,0,1,34,11,0.45,0.97,4,3,5,1,17% (2/12),16% (3/19),3,2,40% (4/10),67% (8/12),33,58,0,1,0,1,15,11,1,2,1.76,1.36,0.65,0.34,3,4,9,5,15,17,11,15,1,2,36% (13/36),50% (27/54),72% (66/92),59% (55/93),85% (321/377),82% (312/379),50%,50%,2,4,5,10,6,5,5,8,4,3,9,23,11,15,1.34,0.65,0.65,1.34
8WfNfnAt,0,1,22,23,0.84,0.41,10,3,2,2,32% (6/19),9% (1/11),2,6,50% (5/10),68% (15/22),61,62,1,0,0,0,11,16,1,2,1.37,0.82,0.09,1.05,2,1,12,12,21,26,16,11,0,0,46% (29/63),38% (20/52),54% (45/84),52% (48/92),76% (289/378),76% (266/352),52%,48%,3,3,10,6,2,5,3,5,6,3,17,17,12,11,1.05,1.09,1.09,1.05
MuM4x5fC,1,0,32,39,0.67,0.23,4,6,3,2,22% (4/18),8% (2/25),2,3,67% (10/15),71% (5/7),51,44,0,0,0,0,20,12,2,1,1.30,0.20,0.15,0.59,3,1,4,1,19,24,12,20,0,0,35% (18/52),41% (23/56),53% (42/80),62% (70/113),62% (121/196),84% (352/421),33%,67%,1,0,7,3,3,2,6,3,3,2,18,11,10,5,0.59,0.15,0.15,0.59
lSNdvRPa,0,0,47,15,0.46,0.44,4,8,2,1,43% (6/14),13% (3/24),3,5,64% (16/25),83% (5/6),54,42,0,1,0,0,15,15,0,1,1.01,0.36,0.70,0.90,2,0,6,5,11,24,15,15,0,0,46% (27/59),47% (23/49),64% (83/130),70% (96/137),80% (322/402),81% (320/395),50%,50%,0,2,6,4,4,3,4,2,6,3,10,29,10,7,1.90,0.70,0.70,1.90
OpvIo9XP,0,0,24,26,0.83,0.60,4,9,1,2,19% (4/21),14% (2/14),5,7,80% (12/15),48% (10/21),53,53,0,1,1,1,9,12,3,2,2.68,1.70,0.23,0.11,5,2,9,16,26,25,12,9,1,0,60% (21/35),38% (17/45),71% (95/134),49% (38/78),86% (414/484),70% (171/246),66%,34%,5,3,10,9,10,4,7,3,8,7,22,19,20,13,2.11,2.23,2.23,2.11
re4uFAdl,0,0,24,13,0.42,0.85,5,5,5,2,20% (2/10),24% (4/17),4,3,60% (12/20),63% (5/8),55,45,0,1,0,0,15,11,0,2,1.82,1.65,-0.06,0.14,4,2,7,10,22,22,11,15,0,0,31% (14/45),54% (29/54),66% (75/114),72% (83/116),79% (325/413),82% (305/372),52%,48%,1,1,7,7,3,7,4,7,5,6,15,26,10,14,2.14,1.94,1.94,2.14
dIAeBSeD,0,0,25,21,0.45,2.17,1,8,3,1,6% (1/16),33% (7/21),3,2,65% (13/20),47% (9/19),48,63,0,0,2,0,13,15,0,2,0.46,2.67,0.64,-0.22,0,3,10,15,20,14,15,13,1,0,28% (16/57),45% (21/47),73% (93/127),65% (75/115),78% (356/458),78% (286/367),55%,45%,1,3,6,11,3,9,5,12,3,5,15,42,9,20,0.78,2.64,2.64,0.78
rk1VN5uJ,1,0,9,39,2.00,0.25,15,1,1,5,33% (9/27),40% (2/5),4,6,69% (9/13),60% (15/25),58,62,0,1,0,1,13,18,3,2,3.42,0.25,0.64,0.91,5,0,7,6,19,7,18,13,1,0,63% (27/43),42% (28/66),73% (121/165),65% (37/57),86% (403/466),81% (286/355),58%,42%,8,1,20,2,4,5,8,2,8,4,57,5,24,7,2.91,0.64,0.64,2.91
OAN8KWYQ,0,1,36,15,0.51,0.47,6,5,2,2,0% (0/6),21% (4/19),1,1,67% (4/6),83% (10/12),34,33,0,0,0,0,9,12,5,1,0.91,1.11,0.26,-0.29,1,2,6,7,25,15,12,9,0,0,39% (13/33),50% (22/44),76% (91/119),72% (49/68),88% (574/649),83% (311/374),62%,38%,3,3,3,5,3,4,1,5,2,1,13,10,6,9,0.71,0.26,0.26,0.71
r9qET9Bs,2,1,41,36,0.74,0.77,9,11,,,25% (6/24),35% (7/20),4,3,57% (8/14),83% (15/18),52,50,0,1,0,0,10,15,0,1,1.83,0.81,-0.02,-0.33,5,0,7,3,28,19,15,10,0,0,28% (15/54),26% (17/65),61% (54/89),49% (48/98),79% (292/370),60% (143/239),61%,39%,2,5,6,8,5,7,4,5,5,5,21,26,11,15,2.67,0.98,0.98,2.67
OO2sZVmK,1,1,29,10,0.38,0.93,4,13,3,1,9% (1/11),6% (1/18),1,3,73% (11/15),44% (4/9),42,34,0,0,1,0,14,16,1,0,0.38,0.62,-0.42,0.76,0,0,19,4,12,16,16,14,0,0,40% (18/45),48% (19/40),64% (67/105),77% (143/185),78% (225/289),87% (506/584),33%,67%,2,4,5,5,4,5,4,4,3,2,11,34,9,10,0.76,0.58,0.58,0.76
zPcNPRA6,0,0,20,39,0.60,0.40,3,3,2,3,21% (3/14),21% (3/14),2,4,76% (16/21),62% (13/21),51,69,0,0,0,0,18,12,2,0,0.51,0.29,-0.39,0.09,1,2,11,14,32,19,12,18,1,0,47% (27/58),47% (33/70),65% (84/129),58% (52/89),76% (308/404),76% (260/342),54%,46%,3,0,5,4,8,0,6,1,4,3,18,14,13,4,0.09,0.61,0.61,0.09
z3MnDlR0,0,2,27,31,0.55,1.06,5,4,5,1,21% (3/14),27% (6/22),5,3,80% (12/15),59% (10/17),41,51,1,1,2,3,16,9,3,2,0.90,2.37,0.50,0.12,2,4,7,6,21,25,9,16,1,0,44% (29/66),44% (18/41),63% (59/93),70% (102/146),73% (202/276),82% (344/422),40%,60%,7,1,6,8,11,6,6,7,4,6,14,35,17,14,1.12,1.50,1.50,1.12
GMsMRmtf,1,0,7,45,1.97,0.21,13,0,5,6,23% (10/43),0% (0/4),0,5,75% (6/8),80% (16/20),52,45,0,0,0,1,15,15,1,2,1.70,0.77,-0.01,0.64,3,1,2,8,22,9,15,15,0,1,63% (27/43),30% (14/47),67% (122/182),49% (24/49),84% (426/508),75% (235/312),63%,37%,6,1,13,1,5,1,5,0,7,1,49,5,18,2,1.64,0.99,0.99,1.64
lYr60Bse,0,1,46,25,0.13,2.15,3,12,1,0,0% (0/11),18% (5/28),2,1,46% (6/13),47% (7/15),46,60,0,0,1,0,19,10,0,2,0.30,1.93,0.37,-0.38,2,4,10,4,18,27,10,19,0,0,34% (18/53),49% (17/35),36% (20/56),75% (151/201),45% (72/159),86% (522/605),21%,79%,3,6,7,12,1,6,3,9,2,3,10,44,8,18,0.62,1.37,1.37,0.62
zksEbkC7,0,0,23,19,1.95,0.96,3,3,3,2,36% (5/14),21% (3/14),1,1,14% (2/14),50% (5/10),44,43,0,1,0,1,13,18,2,0,1.87,1.09,-1.38,-0.58,6,1,13,4,14,14,18,13,1,2,40% (25/63),36% (16/44),59% (57/97),65% (64/98),82% (341/417),83% (405/489),46%,54%,1,2,9,8,3,4,7,7,4,3,18,23,12,12,2.42,0.62,0.62,2.42
QiZGM1bc,0,0,20,22,0.82,0.69,4,3,5,4,6% (1/17),21% (3/14),4,1,50% (3/6),73% (16/22),53,63,0,0,0,0,20,14,2,0,0.40,1.81,-0.24,-0.75,0,3,9,5,23,12,14,20,0,1,48% (14/29),45% (18/40),69% (82/119),71% (54/76),84% (352/419),81% (333/409),51%,49%,3,1,5,10,3,1,2,4,3,6,29,22,8,11,1.25,1.76,1.76,1.25
SIfc2XCr,0,2,34,16,0.46,0.98,4,9,0,3,22% (4/18),35% (6/17),6,2,63% (15/24),64% (7/11),56,47,1,0,0,0,9,14,0,2,0.40,1.24,2.25,0.13,0,2,7,6,21,22,14,9,0,1,34% (17/50),33% (16/49),77% (64/83),74% (104/141),83% (339/410),88% (561/637),40%,60%,6,2,5,7,7,3,4,1,2,7,16,25,12,10,0.13,3.25,3.25,0.13
YcnVbb6j,0,0,23,41,0.86,1.39,8,4,2,1,17% (4/24),38% (6/16),4,4,31% (5/16),58% (15/26),38,56,2,0,0,2,7,6,0,3,1.47,1.45,-0.95,0.25,3,3,6,10,27,20,6,7,0,0,37% (14/38),46% (24/52),65% (98/151),74% (81/110),81% (353/436),83% (335/406),52%,48%,6,3,8,7,10,7,7,5,5,6,29,29,18,14,1.25,1.05,1.05,1.25
Gt6b4KrT,0,1,35,16,0.54,0.58,5,6,4,3,33% (4/12),19% (3/16),2,2,65% (11/17),67% (12/18),37,57,0,0,0,0,14,8,1,5,0.96,0.53,0.11,-1.58,1,0,3,3,19,24,8,14,0,1,34% (17/50),49% (30/61),69% (69/100),51% (42/82),78% (246/314),77% (255/331),49%,51%,7,3,8,6,8,5,5,6,4,2,18,17,16,11,0.42,0.11,0.11,0.42
MJSPKuT9,1,0,18,29,1.92,0.18,9,5,4,4,28% (7/25),15% (2/13),2,4,65% (13/20),63% (12/19),60,49,1,0,1,2,12,22,0,1,2.70,0.91,-0.29,-1.28,5,2,6,5,11,7,22,12,3,0,67% (16/24),47% (25/53),85% (145/171),67% (42/63),91% (498/546),79% (175/222),71%,29%,9,0,16,5,6,2,5,3,8,4,39,16,22,7,2.72,1.71,1.71,2.72
jcP0Mh4E,1,0,17,17,0.80,0.11,3,1,1,1,27% (4/15),13% (1/8),1,1,52% (11/21),75% (9/12),53,51,0,1,0,0,14,17,1,3,2.52,0.06,0.07,-1.95,3,0,7,9,18,18,17,14,0,0,41% (18/44),50% (18/36),76% (64/84),57% (31/54),84% (327/390),82% (306/375),51%,49%,2,0,9,0,3,3,5,2,5,1,22,4,12,3,3.05,0.07,0.07,3.05
8G2j6tEG,0,0,22,26,1.16,0.69,3,1,2,1,41% (7/17),10% (1/10),3,3,50% (7/14),48% (11/23),48,49,0,1,0,2,8,15,1,1,2.01,0.40,0.14,-1.50,4,0,5,6,18,16,15,8,2,1,32% (15/47),33% (17/51),69% (82/118),57% (44/77),87% (423/488),81% (271/334),59%,41%,3,7,10,3,6,8,7,1,6,3,29,13,16,11,1.50,0.14,0.14,1.50
vyBZ9OEi,0,0,18,22,0.21,0.48,3,5,4,5,9% (1/11),23% (3/13),1,0,62% (8/13),63% (12/19),44,50,0,0,1,0,12,15,0,2,0.98,1.20,-0.64,-0.24,1,2,5,7,16,19,15,12,0,0,44% (18/41),30% (11/37),69% (74/107),57% (39/68),87% (428/493),80% (237/297),62%,38%,2,2,4,7,2,5,3,7,1,3,9,16,6,12,0.76,1.36,1.36,0.76
KGPI9f3B,0,1,14,16,0.53,1.35,3,1,1,2,42% (5/12),11% (1/9),4,3,81% (17/21),83% (10/12),45,33,1,0,0,1,13,9,0,3,0.82,1.45,-2.19,-0.06,0,4,9,7,13,24,9,13,0,1,33% (13/39),51% (19/37),70% (57/82),85% (164/194),81% (254/312),91% (637/702),31%,69%,2,1,9,7,3,8,6,5,4,9,15,30,12,15,0.94,1.81,1.81,0.94
CjMABGYb,2,0,37,37,1.28,0.53,11,7,3,3,28% (8/29),22% (4/18),5,3,75% (12/16),76% (13/17),48,58,0,0,0,0,16,11,1,3,1.40,1.89,-0.13,-0.74,4,4,8,8,22,20,11,16,0,0,56% (34/61),47% (29/62),74% (103/140),60% (68/113),82% (366/448),78% (287/367),55%,45%,3,3,8,9,5,4,6,2,4,8,31,19,13,13,0.26,1.87,1.87,0.26
6DaqeelI,2,0,39,40,0.92,1.06,7,6,0,2,23% (7/31),38% (8/21),2,3,56% (10/18),56% (9/16),60,55,0,0,1,0,12,15,2,1,0.87,0.89,0.86,0.22,1,1,8,4,13,21,15,12,0,1,52% (33/63),44% (23/52),67% (88/132),55% (44/80),84% (361/431),74% (219/296),60%,40%,4,3,11,6,3,4,7,5,3,2,23,20,14,10,0.22,0.86,0.86,0.22
n1Es82q4,0,0,21,18,1.02,0.46,4,8,0,1,9% (1/11),32% (6/19),2,2,61% (11/18),67% (12/18),41,44,0,2,0,1,15,15,0,1,2.34,0.75,0.14,-1.10,6,1,8,9,16,15,15,15,1,1,43% (16/37),61% (22/36),73% (72/98),77% (64/83),85% (383/448),89% (409/460),49%,51%,3,5,9,7,3,9,5,9,4,2,25,10,12,16,0.90,0.14,0.14,0.90
CE4c2Ceo,0,0,36,41,0.52,0.70,6,6,1,2,14% (2/14),19% (3/16),0,2,79% (15/19),70% (7/10),53,43,0,0,0,0,15,17,1,1,0.45,0.86,0.00,-0.64,1,1,10,8,33,29,17,15,1,0,42% (23/55),27% (13/48),57% (51/90),51% (41/81),75% (276/366),70% (217/308),54%,46%,3,2,1,5,7,3,2,6,3,0,12,11,8,8,0.36,0.00,0.00,0.36
GrJR7YXN,0,0,23,34,1.38,0.31,7,6,3,3,30% (6/20),5% (1/20),6,3,56% (10/18),76% (16/21),54,46,0,0,0,0,13,18,1,1,1.73,0.51,1.32,1.21,3,1,6,11,22,18,18,13,1,0,51% (25/49),40% (21/52),65% (70/108),71% (75/105),84% (359/428),84% (303/361),54%,46%,4,0,9,3,5,6,6,3,4,6,17,8,14,9,2.21,1.32,1.32,2.21
jyY1Dx4n,1,0,23,25,0.55,0.35,3,7,1,2,18% (4/22),21% (5/24),1,2,83% (10/12),80% (8/10),42,43,1,0,2,0,11,12,0,3,0.58,1.97,0.16,0.03,1,3,7,5,22,19,12,11,0,0,46% (22/48),52% (27/52),65% (56/86),58% (38/66),84% (359/427),84% (371/441),49%,51%,2,4,3,9,4,5,3,8,2,2,17,10,7,14,0.03,1.16,1.16,0.03
2ughgZIU,0,0,16,18,2.20,0.69,6,1,3,2,50% (5/10),17% (2/12),2,4,85% (11/13),56% (9/16),58,52,0,2,0,3,18,20,3,1,3.70,0.65,0.28,-1.09,6,1,14,11,12,19,20,18,1,1,26% (13/50),43% (17/40),67% (67/100),56% (46/82),81% (334/413),77% (275/359),53%,47%,3,0,15,3,8,5,12,6,8,2,31,9,23,8,2.91,0.28,0.28,2.91
vwt2rI4C,0,1,4,15,0.99,0.14,4,1,1,1,18% (2/11),25% (1/4),2,6,82% (14/17),53% (8/15),50,45,0,2,0,5,14,15,2,1,2.35,0.14,0.07,1.66,6,0,7,16,14,13,15,14,0,0,54% (15/28),44% (24/55),73% (98/134),77% (43/56),88% (483/552),83% (341/409),58%,42%,3,0,10,1,7,2,5,1,9,2,18,4,17,3,4.66,0.07,0.07,4.66
WEHD48LE,1,0,22,41,1.38,1.16,10,4,4,2,16% (4/25),26% (5/19),2,4,64% (9/14),53% (10/19),37,52,0,1,0,1,16,12,0,1,2.64,1.35,-0.54,1.18,6,1,15,7,14,20,12,16,1,0,27% (14/52),54% (31/57),69% (74/107),63% (73/116),82% (296/360),84% (391/463),44%,56%,9,2,13,5,5,6,3,6,6,3,25,16,18,11,3.18,0.46,0.46,3.18
jH9K0aKt,0,1,45,40,0.37,0.97,4,6,2,1,40% (6/15),8% (2/24),2,2,67% (10/15),83% (10/12),44,49,0,0,0,0,16,10,0,3,0.23,1.41,-0.16,0.22,0,1,12,8,22,26,10,16,0,1,38% (22/58),42% (23/55),51% (50/99),70% (64/91),73% (229/314),80% (294/367),45%,55%,3,4,4,6,6,6,5,5,2,3,9,18,10,12,0.22,0.84,0.84,0.22
48PRt5T7,0,0,15,46,0.93,0.71,5,4,5,3,40% (12/30),22% (2/9),1,4,70% (14/20),79% (11/14),64,62,1,0,1,0,16,13,3,1,0.76,1.14,-0.64,0.77,1,3,12,8,26,20,13,16,0,0,44% (29/66),34% (21/62),59% (80/136),60% (56/93),74% (297/401),76% (265/349),55%,45%,3,3,8,8,8,3,9,6,4,2,26,16,16,11,0.77,0.36,0.36,0.77
xY7Sbwkg,0,0,31,11,1.09,1.77,2,15,5,6,64% (7/11),33% (11/33),3,5,54% (7/13),56% (10/18),41,59,0,0,0,0,17,11,0,5,2.39,2.10,-0.62,2.00,4,4,7,8,13,22,11,17,0,0,31% (13/42),53% (26/49),54% (29/54),72% (99/138),76% (226/296),84% (373/445),39%,61%,3,8,10,17,2,5,3,9,6,5,14,49,12,22,3.00,1.38,1.38,3.00
Aclon05m,1,1,21,26,0.43,1.40,3,7,3,1,30% (3/10),25% (4/16),4,4,89% (16/18),53% (9/17),41,52,1,0,1,1,15,8,2,2,0.81,1.98,-0.09,-0.62,1,3,7,5,12,25,8,15,1,0,45% (20/44),45% (25/55),68% (78/115),66% (49/74),85% (355/419),82% (318/388),51%,49%,1,3,8,10,2,7,3,8,6,6,15,22,10,17,1.38,1.91,1.91,1.38
rBngpvz0,0,1,37,24,0.43,1.13,3,11,1,1,13% (2/16),17% (4/23),1,5,56% (9/16),71% (10/14),54,56,0,0,0,0,22,13,0,2,0.49,1.41,-0.83,0.17,0,3,12,8,18,14,13,22,0,0,50% (14/28),60% (31/52),67% (60/89),69% (75/108),83% (301/361),84% (386/458),44%,56%,2,4,7,8,5,5,4,6,6,3,16,29,12,13,1.17,1.17,1.17,1.17
dMpqWmFk,2,2,12,21,0.60,0.69,3,2,0,5,31% (5/16),11% (1/9),1,2,65% (15/23),60% (9/15),55,52,0,0,0,0,15,14,0,1,0.69,1.23,-0.66,0.55,1,2,9,14,27,19,14,15,0,2,47% (24/51),47% (22/47),53% (39/74),67% (95/142),79% (323/408),84% (389/461),47%,53%,1,2,5,7,1,2,3,5,2,2,13,14,6,9,0.55,0.34,0.34,0.55
h8Uoj96L,1,0,37,23,0.50,0.60,2,4,3,2,10% (1/10),17% (3/18),5,2,57% (12/21),79% (11/14),62,72,0,0,1,1,26,15,0,4,0.78,0.99,1.03,0.19,2,1,11,5,24,26,15,26,0,0,38% (31/82),30% (16/54),59% (61/104),67% (95/141),66% (194/296),77% (355/459),39%,61%,1,3,5,6,1,8,1,5,4,6,16,23,6,14,1.19,1.03,1.03,1.19
rgyJrRbe,1,0,10,44,0.79,0.79,8,2,3,7,17% (5/30),43% (3/7),4,5,55% (11/20),50% (12/24),61,55,1,0,0,0,11,17,0,1,1.22,2.13,0.25,-0.21,2,3,7,17,20,17,17,11,0,1,39% (14/36),30% (14/47),77% (121/158),64% (43/67),82% (364/444),76% (237/313),60%,40%,9,4,12,7,8,7,5,4,6,6,37,19,20,14,1.79,2.25,2.25,1.79
4nliURq2,0,0,34,9,0.43,0.75,0,8,1,2,0% (0/6),21% (5/24),4,3,65% (13/20),50% (7/14),61,46,0,0,0,0,16,17,7,0,1.22,1.92,-0.10,-0.38,4,2,10,7,17,18,17,16,0,0,40% (25/63),54% (15/28),51% (27/53),73% (107/146),82% (306/372),84% (334/396),47%,53%,2,7,6,11,3,8,2,6,5,6,10,33,9,19,1.62,1.90,1.90,1.62
6i64wWMF,0,1,22,29,0.50,0.71,4,5,2,2,8% (1/12),22% (5/23),2,1,58% (7/12),56% (10/18),52,47,0,0,0,1,10,12,1,2,0.67,1.44,0.06,0.51,1,2,10,7,14,17,12,10,0,0,29% (14/48),44% (24/55),69% (77/111),54% (42/78),87% (476/545),78% (230/295),64%,36%,2,2,2,3,7,6,6,5,1,2,12,14,9,9,0.51,0.06,0.06,0.51
zTXApmUr,0,0,16,16,0.77,0.75,6,5,3,3,19% (3/16),50% (4/8),3,1,71% (10/14),60% (6/10),40,41,0,0,0,0,17,13,1,1,1.57,1.90,0.42,-0.36,2,2,10,10,12,14,13,17,0,1,56% (22/39),51% (21/41),82% (153/186),70% (53/76),91% (598/659),84% (288/343),66%,34%,4,3,7,8,3,6,3,6,3,5,26,23,10,14,1.64,2.42,2.42,1.64
APCeuhh3,1,1,21,48,1.67,0.40,8,0,1,3,23% (9/39),29% (2/7),2,3,55% (6/11),59% (19/32),54,67,0,0,3,1,7,13,0,2,0.92,0.41,0.05,0.14,1,0,7,7,42,13,13,7,1,1,47% (22/47),44% (23/52),76% (99/131),44% (29/66),84% (404/480),65% (149/228),69%,31%,5,4,10,5,7,7,10,6,2,2,34,8,17,12,0.14,0.05,0.05,0.14
KfWwhVy9,0,0,44,8,0.71,0.63,4,7,4,2,20% (3/15),21% (6/28),6,1,100% (9/9),65% (13/20),43,52,0,0,2,0,13,13,0,2,0.94,1.41,0.71,-0.22,1,3,11,7,15,22,13,13,1,0,37% (20/54),32% (16/50),60% (43/72),60% (84/139),81% (308/381),80% (348/435),46%,54%,1,6,7,14,0,6,4,7,2,7,21,26,7,20,0.78,1.71,1.71,0.78
Cl9CyAiS,0,0,13,41,1.04,0.94,5,1,1,1,24% (7/29),43% (3/7),4,5,61% (11/18),80% (8/10),50,42,0,0,1,0,12,16,5,2,1.00,0.90,0.74,0.02,2,1,10,9,20,25,16,12,1,1,62% (31/50),59% (30/51),69% (86/125),64% (47/73),85% (377/446),84% (327/388),55%,45%,0,2,8,6,4,4,6,4,6,4,31,17,12,10,1.02,0.74,0.74,1.02
QJVVOW7M,1,1,31,16,1.00,1.42,5,3,2,3,29% (5/17),27% (3/11),1,4,71% (12/17),45% (5/11),60,58,1,0,0,0,16,12,2,0,0.89,0.75,-1.16,0.27,1,1,14,6,18,24,12,16,0,0,48% (24/50),38% (19/50),65% (57/88),61% (91/149),81% (309/383),76% (308/404),49%,51%,1,2,5,6,8,4,7,5,5,3,17,32,13,10,1.27,0.84,0.84,1.27
tWeS4BGj,0,1,30,25,0.88,1.04,5,5,4,2,32% (6/19),12% (2/17),3,4,47% (8/17),60% (15/25),66,64,0,0,1,1,19,15,1,0,1.03,0.85,0.16,0.77,1,1,11,19,21,26,15,19,0,0,35% (19/54),48% (31/64),60% (52/86),61% (61/100),78% (261/335),78% (313/401),46%,54%,4,3,7,6,9,4,8,3,4,4,25,29,16,10,0.77,0.16,0.16,0.77
IVP9Hl0d,0,0,30,22,0.62,0.86,1,7,2,3,43% (6/14),24% (6/25),5,1,50% (7/14),67% (10/15),52,58,0,0,1,0,22,12,0,0,1.17,1.51,0.61,0.39,2,3,4,6,10,15,12,22,2,0,45% (31/69),45% (22/49),51% (45/89),70% (70/100),74% (214/289),87% (446/515),36%,64%,2,3,5,10,2,2,3,3,2,6,15,24,7,12,1.39,1.54,1.61,1.39
dvvFSE8c,0,0,32,26,0.52,0.41,4,7,3,2,50% (5/10),21% (6/28),1,2,56% (10/18),46% (6/13),56,58,0,0,0,1,15,15,0,1,1.62,1.68,-0.82,-0.68,2,2,4,5,14,27,15,15,0,0,44% (20/45),39% (13/33),58% (49/84),66% (61/92),71% (189/266),83% (292/353),42%,58%,2,5,8,9,3,8,5,9,4,3,21,28,11,17,1.32,1.18,1.18,1.32
j1HmCgOG,0,1,20,19,0.39,1.46,0,11,1,2,18% (3/17),22% (6/27),4,5,59% (10/17),43% (9/21),42,62,0,0,2,0,16,5,4,1,1.50,1.97,1.36,-0.04,3,3,12,10,22,19,5,16,0,0,29% (10/34),50% (30/60),73% (91/124),66% (61/93),87% (386/446),82% (318/390),53%,47%,3,4,10,8,5,3,6,2,6,5,21,27,15,11,0.96,2.36,2.36,0.96
44sNQhwA,2,2,20,22,1.12,1.81,3,6,2,3,36% (4/11),32% (6/19),6,4,46% (6/13),64% (9/14),46,58,0,0,0,1,15,15,0,1,1.09,2.46,1.23,0.29,2,1,7,10,20,19,15,15,1,0,38% (27/72),43% (21/49),42% (41/98),78% (126/162),73% (253/346),85% (499/586),37%,63%,6,5,10,15,4,5,3,7,5,8,24,36,14,20,1.29,3.23,3.23,1.29
M3W0JAVq,0,1,31,31,0.92,0.91,7,9,3,1,20% (4/20),17% (5/30),6,3,65% (11/17),62% (8/13),49,70,0,0,1,0,17,9,4,3,0.76,0.78,0.50,1.01,1,2,6,11,33,13,9,17,0,0,25% (15/59),49% (31/63),56% (65/116),62% (62/100),68% (187/276),79% (335/425),40%,60%,3,6,7,8,4,8,5,4,3,6,21,16,11,16,1.01,0.50,0.50,1.01
ryEuEFg4,0,0,17,28,1.13,0.43,4,1,2,3,20% (3/15),0% (0/10),3,4,72% (18/25),56% (9/16),60,33,0,0,0,1,9,16,1,3,2.45,0.62,0.60,-1.38,4,0,10,6,14,21,16,9,1,0,54% (27/50),63% (19/30),76% (97/128),77% (98/127),87% (455/523),87% (402/464),53%,47%,2,0,12,5,2,2,5,4,7,3,29,13,14,7,1.62,0.60,0.60,1.62
p0AdAXhT,1,1,9,32,2.15,0.15,5,1,0,2,14% (3/22),38% (3/8),0,4,65% (11/17),54% (14/26),51,53,0,0,1,0,11,14,2,0,3.34,0.26,-0.96,0.17,5,0,12,12,29,12,14,11,1,0,39% (12/31),39% (19/49),69% (85/123),64% (23/36),86% (416/481),82% (305/372),56%,44%,7,1,12,3,8,4,6,5,7,1,28,4,20,7,3.17,0.04,0.04,3.17
4CFwb336,0,2,26,28,1.52,0.37,7,7,3,2,35% (8/23),22% (5/23),2,5,64% (9/14),23% (3/13),47,56,0,0,1,2,17,17,1,2,1.93,0.37,0.18,-0.42,3,0,9,13,17,20,17,17,1,0,57% (26/46),44% (24/54),69% (96/140),46% (33/72),83% (377/453),68% (181/267),62%,38%,11,1,17,5,7,2,6,5,7,1,32,18,24,7,1.58,0.18,0.18,1.58
xvgKAtmC,3,0,7,30,1.61,0.29,10,1,2,3,4% (1/28),40% (2/5),1,2,81% (17/21),64% (18/28),56,57,0,0,0,1,14,16,2,0,2.06,0.25,0.10,0.21,5,1,4,20,22,20,16,14,0,0,55% (18/33),31% (17/55),75% (106/142),63% (35/56),86% (403/471),80% (320/398),55%,45%,5,2,11,2,5,4,8,3,3,1,32,7,16,6,1.21,0.10,0.10,1.21
dKXpdsYI,0,0,28,32,1.66,1.23,1,4,,,31% (4/13),13% (2/15),3,4,77% (10/13),38% (9/24),46,65,0,0,0,1,13,8,0,1,2.60,2.62,0.77,-0.42,5,5,14,15,27,26,8,13,1,2,32% (20/63),48% (25/52),60% (75/124),66% (70/106),71% (245/343),76% (282/370),48%,52%,1,4,9,11,1,1,2,4,7,4,21,34,10,12,2.58,1.77,1.77,2.58
MLPWFyPi,0,0,15,16,0.70,1.11,0,2,2,3,40% (2/5),22% (2/9),3,4,69% (11/16),71% (10/14),50,50,0,0,1,0,17,10,1,2,2.68,1.19,1.46,1.00,6,2,8,11,17,19,10,17,0,1,37% (16/43),37% (16/43),62% (48/78),65% (50/77),81% (328/405),86% (412/481),46%,54%,0,2,7,6,0,3,0,3,7,4,14,16,7,9,4.00,2.46,2.46,4.00
8pMUaPYg,1,0,19,42,3.25,0.16,10,1,,,28% (9/32),13% (2/15),0,6,60% (6/10),56% (14/25),47,55,0,0,0,2,7,14,4,0,3.68,0.11,0.00,0.73,5,0,6,7,18,22,14,7,2,0,66% (25/38),38% (20/53),82% (186/227),47% (31/66),87% (471/539),69% (200/289),65%,35%,6,1,14,2,8,1,7,2,9,0,48,8,22,3,3.73,0.00,0.00,3.73
fFXphYWp,1,0,28,5,0.52,1.43,1,8,1,1,56% (5/9),15% (3/20),5,2,62% (8/13),67% (8/12),43,38,0,0,1,0,12,14,0,0,0.30,1.29,-0.25,0.07,0,3,8,4,11,24,14,12,0,1,37% (15/41),55% (27/49),58% (36/62),73% (104/142),83% (290/350),88% (513/583),37%,63%,1,5,4,11,2,4,3,2,2,8,12,32,6,15,0.07,2.75,2.75,0.07
8b13EOmm,0,0,24,22,0.38,0.44,5,2,2,2,15% (2/13),19% (4/21),2,0,67% (10/15),76% (13/17),41,55,0,0,0,0,16,14,0,1,1.29,0.59,-0.02,-0.08,2,1,4,8,16,19,14,16,0,0,37% (23/63),55% (18/33),67% (64/95),74% (85/115),78% (271/349),87% (374/431),45%,55%,4,3,4,6,3,10,2,10,1,3,12,21,7,16,0.92,0.98,0.98,0.92
4QfCC2Ia,0,0,22,17,0.93,0.81,4,1,5,3,14% (2/14),36% (4/11),5,4,40% (2/5),57% (4/7),40,44,0,1,1,1,13,13,6,0,1.93,1.03,0.61,-0.45,5,2,8,6,16,15,13,13,0,0,58% (21/36),43% (26/60),71% (59/83),55% (54/99),87% (393/451),76% (215/284),61%,39%,1,5,8,11,2,4,2,5,7,5,18,21,10,15,2.55,0.61,0.61,2.55
xGAXJpQP,1,0,13,24,1.12,0.29,5,3,2,3,33% (10/30),31% (4/13),3,3,75% (6/8),56% (10/18),55,40,1,0,1,0,12,17,2,0,0.94,1.36,-0.76,0.53,1,2,6,6,23,9,17,12,1,0,61% (35/57),36% (14/39),79% (107/135),63% (46/73),90% (438/486),76% (189/248),66%,34%,4,4,5,6,9,5,7,2,3,5,20,16,14,11,0.53,1.24,1.24,0.53
tA2mmnkl,0,1,7,46,0.96,0.48,7,1,1,3,19% (6/31),0% (0/4),1,5,71% (12/17),58% (11/19),66,57,0,1,1,2,17,24,0,2,1.32,0.56,-1.23,-0.03,2,1,12,11,22,20,24,17,0,1,43% (24/56),48% (22/46),62% (87/141),65% (35/54),84% (455/544),81% (303/375),60%,40%,6,2,10,3,8,3,6,1,6,3,23,8,18,6,0.97,0.77,0.77,0.97
MPLGh8RQ,1,0,15,37,1.79,0.23,14,1,3,2,30% (9/30),14% (1/7),1,4,67% (8/12),53% (10/19),53,49,0,0,1,0,17,19,4,1,2.25,0.62,0.01,0.89,2,1,11,10,26,15,19,17,1,1,62% (24/39),41% (17/41),81% (164/203),45% (20/44),89% (525/591),75% (194/259),70%,30%,8,0,16,1,6,1,9,1,5,1,45,6,22,2,1.89,0.01,0.01,1.89
Gnsj77tK,1,0,45,27,0.20,0.84,9,9,2,2,13% (2/15),11% (4/36),2,0,68% (19/28),57% (8/14),64,46,0,2,0,1,9,10,3,2,1.08,1.10,0.56,-1.65,2,2,20,6,10,30,10,9,0,0,37% (23/63),49% (24/49),45% (33/73),71% (136/191),67% (161/241),85% (504/595),29%,71%,5,3,7,9,8,3,7,7,3,2,17,26,15,12,1.35,0.56,0.56,1.35
zXNM1o4s,0,0,44,34,0.62,0.34,5,8,4,0,32% (7/22),25% (6/24),4,2,73% (16/22),50% (5/10),52,52,0,0,0,0,13,11,0,5,0.68,0.55,0.63,0.11,1,0,8,7,20,25,11,13,0,0,43% (26/60),42% (14/33),47% (35/75),62% (64/103),74% (219/294),80% (260/326),47%,53%,3,2,6,5,3,3,4,1,2,5,18,32,9,8,0.11,1.63,1.63,0.11
lz6eoQJ0,1,0,33,33,0.75,0.51,5,6,2,1,14% (3/22),30% (6/20),1,3,64% (9/14),53% (10/19),49,43,0,0,0,0,7,18,3,0,1.21,0.65,-0.23,-0.63,2,1,6,9,24,18,18,7,1,0,55% (38/69),26% (12/47),72% (73/102),68% (75/111),81% (335/414),80% (330/411),50%,50%,4,2,7,8,8,3,6,7,5,2,19,24,15,11,1.37,0.77,0.77,1.37
QwjGlv9e,0,1,10,29,1.12,0.54,9,2,3,2,28% (8/29),25% (2/8),3,4,50% (11/22),47% (9/19),52,49,0,0,1,3,13,18,0,2,1.41,1.22,0.69,0.96,2,2,13,13,20,22,18,13,0,2,46% (13/28),45% (31/69),71% (107/150),63% (27/43),84% (360/431),79% (303/383),54%,46%,8,0,10,5,10,1,6,2,6,4,31,11,20,6,2.96,1.69,1.69,2.96
lCN8fUdE,0,0,37,19,0.44,1.38,2,3,5,2,29% (4/14),21% (5/24),3,1,71% (10/14),69% (9/13),47,48,0,0,0,0,21,8,0,1,2.22,1.31,0.64,-1.41,3,2,3,12,14,29,8,21,0,0,41% (22/54),42% (25/59),55% (46/83),62% (73/118),67% (149/222),85% (428/506),31%,69%,3,3,7,4,4,4,4,1,4,4,15,16,11,8,1.59,1.64,1.64,1.59
Y3gOnIw8,0,0,18,46,1.75,0.68,11,5,5,5,33% (16/48),25% (4/16),3,3,64% (14/22),68% (13/19),59,48,0,0,2,0,14,10,1,0,1.66,0.66,0.25,0.87,2,1,13,10,21,18,10,14,0,0,67% (31/46),29% (15/52),76% (112/148),63% (65/103),86% (401/466),81% (266/330),60%,40%,5,5,15,10,3,0,9,1,4,4,50,23,18,10,1.87,1.25,1.25,1.87
Akf4q4lD,0,0,32,18,0.25,2.57,1,7,6,2,8% (1/12),19% (3/16),2,1,54% (15/28),35% (7/20),59,66,0,1,0,0,23,5,0,1,0.28,1.19,1.02,-0.89,0,3,11,14,25,27,5,23,0,1,50% (32/64),36% (16/44),63% (66/105),71% (80/112),80% (350/440),77% (298/385),53%,47%,6,3,2,7,7,3,1,4,2,3,13,31,9,10,0.11,2.02,2.02,0.11
YuBydMGL,0,0,24,21,0.56,0.42,1,8,3,5,11% (1/9),9% (2/22),2,0,57% (8/14),67% (10/15),37,41,0,0,0,0,14,12,1,0,0.81,1.48,0.82,-0.49,0,2,11,11,16,16,12,14,0,0,50% (13/26),60% (32/53),62% (53/85),81% (83/103),85% (329/387),86% (398/462),45%,55%,5,5,5,8,3,3,2,3,1,3,16,22,8,11,0.51,1.82,1.82,0.51
jmb5zllo,0,0,28,32,1.89,0.38,7,2,3,2,14% (4/29),0% (0/12),0,3,79% (11/14),86% (12/14),49,44,0,0,0,0,9,14,2,1,2.37,0.49,-0.37,-0.54,3,1,9,7,24,20,14,9,1,1,60% (27/45),21% (10/48),80% (125/156),50% (27/54),86% (431/503),73% (189/260),66%,34%,4,2,10,3,4,4,4,4,6,1,28,9,14,7,2.46,0.63,0.63,2.46
Chq0dVA4,1,0,13,45,1.41,1.34,9,1,3,2,19% (7/36),33% (2/6),1,8,78% (18/23),33% (6/18),65,58,0,0,0,0,11,18,2,0,1.82,1.14,-0.51,1.36,2,2,6,13,20,19,18,11,0,0,47% (16/34),47% (28/60),74% (138/186),50% (32/64),85% (387/456),72% (199/275),64%,36%,10,2,17,4,12,2,9,2,10,2,50,9,29,6,3.36,0.49,0.49,3.36
4O17j0vq,1,0,18,35,2.14,0.07,9,1,1,1,18% (5/28),0% (0/12),2,4,65% (13/20),63% (10/16),45,42,0,0,1,0,14,8,1,0,2.82,0.16,0.09,0.42,6,0,9,12,19,14,8,14,2,0,58% (18/31),47% (22/47),83% (187/226),59% (23/39),91% (629/690),86% (345/399),63%,37%,5,3,8,1,7,6,3,2,7,2,39,4,15,7,3.42,0.09,0.09,3.42
6ethbith,1,0,13,41,1.28,0.44,12,1,2,3,31% (11/35),15% (2/13),3,4,38% (5/13),50% (11/22),50,68,0,0,1,0,15,11,0,7,1.28,0.52,0.47,0.29,2,1,6,12,19,21,11,15,0,0,40% (18/45),32% (18/56),70% (92/132),58% (36/62),83% (407/491),66% (153/231),68%,32%,5,2,10,5,11,4,12,4,4,3,24,10,21,9,0.29,0.47,0.47,0.29
SSuybrn9,0,1,35,21,0.57,0.69,1,6,1,4,31% (4/13),20% (5/25),4,3,48% (13/27),67% (10/15),50,60,0,2,0,0,19,15,1,1,1.72,1.75,0.06,-0.60,4,2,11,4,27,27,15,19,1,1,40% (22/55),40% (18/45),55% (47/86),60% (64/107),77% (292/380),77% (277/360),51%,49%,1,5,8,10,2,4,3,3,6,6,12,29,10,14,2.40,2.06,2.06,2.40
zZhkzuf2,1,1,17,23,0.87,0.40,5,4,1,0,13% (2/16),20% (2/10),3,4,79% (11/14),59% (13/22),42,45,0,0,0,0,8,8,1,3,0.74,1.36,-0.39,-0.46,1,2,7,12,28,20,8,8,0,1,51% (18/35),26% (14/54),71% (146/207),48% (25/52),87% (580/669),75% (233/309),68%,32%,2,0,8,5,7,1,7,1,6,5,22,10,15,6,1.54,1.61,1.61,1.54
v7atx1Pk,1,1,30,20,0.61,1.00,3,6,4,1,33% (5/15),44% (11/25),4,3,44% (7/16),55% (12/22),46,57,0,0,3,0,15,9,2,1,0.95,1.26,1.06,-0.05,3,2,16,7,23,21,9,15,0,0,46% (19/41),41% (16/39),74% (66/89),66% (87/132),84% (304/361),82% (363/442),45%,55%,3,4,5,13,7,4,5,8,4,5,15,35,12,17,0.95,1.06,1.06,0.95
Y7X8f9uH,0,0,36,15,0.37,1.48,3,6,3,1,14% (1/7),18% (6/34),2,0,63% (10/16),68% (13/19),42,61,1,0,0,1,18,15,1,4,0.12,2.40,-0.13,-0.84,0,4,2,4,15,25,15,18,0,0,27% (17/62),53% (31/59),53% (35/66),78% (121/155),79% (297/377),88% (440/500),42%,58%,2,6,2,12,1,3,0,5,1,4,9,21,3,15,0.16,1.87,1.87,0.16
jJW9oEdn,0,1,45,10,0.45,2.16,0,10,3,2,29% (2/7),21% (8/39),5,1,43% (3/7),82% (9/11),35,52,0,0,0,0,14,14,1,3,0.89,1.68,0.49,0.19,2,2,14,8,6,24,14,14,0,1,26% (17/66),35% (11/31),63% (53/84),75% (152/203),69% (188/273),86% (496/574),32%,68%,1,5,2,10,3,5,2,4,2,6,5,31,5,15,1.19,1.49,1.49,1.19
0fi0RABU,1,1,15,26,0.61,2.26,1,4,0,1,21% (3/14),33% (4/12),4,3,67% (12/18),57% (12/21),36,41,0,0,0,0,3,6,4,5,0.78,2.26,0.52,0.20,3,6,7,3,21,19,6,3,0,3,32% (16/50),50% (28/56),59% (46/78),84% (162/193),78% (256/330),90% (612/683),33%,67%,1,0,6,9,2,1,4,2,3,8,13,29,8,10,0.20,4.52,4.52,0.20
4SciTWtI,1,0,61,14,0.33,1.76,1,13,5,0,25% (4/16),19% (8/42),9,1,72% (18/25),71% (10/14),51,59,0,0,0,0,19,5,0,0,0.48,2.10,2.31,0.02,1,4,9,6,18,35,5,19,0,0,36% (20/55),45% (20/44),51% (31/61),78% (206/265),63% (112/177),84% (501/593),23%,77%,0,7,2,15,4,9,5,9,1,8,11,59,6,24,0.02,2.31,2.31,0.02
rulTYzDt,0,0,21,36,1.55,0.31,11,0,0,3,18% (6/33),10% (1/10),2,5,69% (9/13),65% (13/20),52,49,0,1,1,1,12,15,3,2,1.78,1.30,0.24,0.74,3,2,4,14,23,13,15,12,1,0,55% (21/38),42% (22/52),74% (115/156),62% (36/58),85% (461/541),79% (270/341),62%,38%,3,1,11,4,5,1,6,0,7,4,41,8,16,5,2.74,1.24,1.24,2.74
WEaqVhC5,0,1,8,11,1.13,0.06,3,1,1,1,41% (7/17),0% (0/8),0,4,40% (6/15),44% (8/18),42,45,0,0,0,1,19,10,3,0,2.70,0.11,0.00,-0.81,7,0,7,10,15,13,10,19,0,0,57% (21/37),35% (14/40),78% (81/104),48% (23/48),92% (421/459),82% (297/362),56%,44%,4,1,10,1,7,3,4,3,9,0,22,4,17,4,4.19,0.00,0.00,4.19
CYKIqhRb,0,0,20,42,0.83,0.32,9,2,1,2,17% (5/29),31% (4/13),1,3,56% (10/18),61% (11/18),46,53,0,0,0,0,17,17,0,1,1.12,0.92,-0.05,0.55,2,1,3,7,27,8,17,17,0,0,65% (34/52),50% (18/36),69% (88/128),61% (43/70),84% (336/400),84% (252/301),57%,43%,3,2,4,3,4,2,1,1,4,2,19,10,8,5,1.55,0.95,0.95,1.55
j5iyXEsg,1,0,23,14,0.36,0.50,5,5,2,1,10% (1/10),29% (6/21),4,0,76% (13/17),67% (12/18),47,42,0,0,0,0,11,15,2,3,0.50,1.37,-0.73,0.00,0,3,5,9,15,14,15,11,0,1,37% (11/30),51% (21/41),67% (50/75),70% (51/73),87% (379/436),88% (356/404),51%,49%,6,3,7,11,1,7,2,8,0,7,24,19,8,18,0.00,2.27,2.27,0.00
bkJQsWeB,0,0,13,24,1.41,0.55,6,5,7,3,33% (8/24),15% (2/13),2,2,78% (14/18),63% (5/8),49,41,0,0,0,3,16,11,3,2,1.57,2.31,-0.64,-0.28,4,3,7,8,16,28,11,16,0,0,53% (26/49),49% (23/47),65% (51/78),71% (61/86),80% (266/331),80% (229/288),54%,46%,3,5,10,7,4,4,7,0,4,6,20,20,14,11,1.72,3.36,3.36,1.72
fHCZuAQN,0,0,14,15,0.84,0.31,5,5,2,5,22% (4/18),20% (3/15),5,1,63% (10/16),64% (7/11),56,41,0,0,1,0,19,12,2,3,1.79,0.58,0.67,0.48,1,2,13,12,12,26,12,19,0,0,40% (19/47),28% (16/57),61% (57/93),69% (63/91),78% (284/364),82% (395/484),43%,57%,4,1,9,4,5,6,8,4,2,5,24,14,14,10,1.48,0.67,0.67,1.48
Wvqz4GD6,0,1,14,23,1.23,0.30,11,3,2,2,23% (3/13),33% (2/6),5,3,50% (6/12),67% (10/15),44,43,0,0,0,0,13,8,3,0,2.25,0.59,0.63,-0.85,4,2,10,9,18,25,8,13,1,0,39% (14/36),33% (16/48),59% (57/96),65% (50/77),83% (366/442),77% (249/323),58%,42%,3,3,9,4,5,7,5,3,6,5,29,9,14,11,2.15,0.63,0.63,2.15
QstS5xqf,0,0,8,16,1.77,0.60,7,0,2,2,31% (5/16),33% (1/3),0,2,85% (11/13),53% (10/19),52,41,0,3,0,0,9,11,0,0,3.42,0.28,0.00,-0.44,3,0,11,5,13,16,11,9,4,2,47% (16/34),57% (29/51),89% (198/222),50% (20/40),93% (691/746),81% (281/346),68%,32%,8,1,11,3,6,1,2,3,7,0,31,7,17,4,4.56,0.00,0.00,4.56
vRNIEXRO,0,0,7,28,1.04,0.11,6,1,3,4,18% (5/28),0% (0/8),0,4,56% (10/18),60% (15/25),68,55,0,1,1,0,10,24,1,1,2.54,0.13,0.00,-0.87,3,1,4,17,19,11,24,10,0,0,53% (18/34),37% (16/43),83% (125/150),56% (27/48),88% (407/465),72% (177/245),66%,34%,1,0,12,1,3,2,6,2,8,1,33,4,15,3,3.13,0.00,0.00,3.13
W0KAGgcC,1,0,23,24,0.28,0.32,3,4,0,1,20% (2/10),14% (3/21),0,1,86% (12/14),53% (10/19),53,40,0,1,0,0,9,20,1,0,0.65,0.13,0.00,-1.03,0,0,8,9,18,22,20,9,0,1,63% (44/70),45% (15/33),62% (70/113),62% (51/82),85% (425/498),78% (232/299),61%,39%,2,1,5,1,4,1,3,1,4,0,15,11,9,2,1.97,0.00,0.00,1.97
K0PUPczQ,0,0,26,18,1.33,0.68,5,5,3,0,47% (8/17),22% (4/18),6,1,44% (8/18),64% (7/11),41,42,0,1,0,0,18,6,0,6,1.48,0.49,1.27,-2.18,3,0,7,11,15,16,6,18,0,1,38% (20/52),41% (20/49),61% (78/127),72% (63/87),80% (278/347),86% (345/403),46%,54%,1,3,10,9,4,2,8,2,5,6,24,20,14,11,1.82,1.27,1.27,1.82
vo61Kybm,0,0,23,24,1.19,1.88,4,2,2,3,36% (5/14),48% (11/23),2,1,40% (4/10),56% (9/16),55,36,0,0,0,1,9,19,0,1,2.01,1.94,-0.26,-2.07,3,4,6,6,17,15,19,9,2,1,45% (20/44),45% (21/47),70% (79/113),67% (68/102),86% (393/456),82% (298/363),55%,45%,6,2,9,10,7,3,4,7,6,4,20,28,16,13,1.93,1.74,1.74,1.93
Cb49IFSa,0,0,29,14,0.75,2.32,4,7,3,3,18% (2/11),35% (8/23),2,4,56% (9/16),43% (3/7),41,40,0,1,0,1,11,12,2,1,1.05,1.58,-1.55,0.22,2,2,7,9,16,15,12,11,1,4,45% (25/56),69% (24/35),64% (42/66),77% (142/184),79% (264/336),90% (550/614),35%,65%,4,4,6,15,5,1,2,8,5,4,12,40,11,16,1.22,0.45,0.45,1.22
hfXr2frJ,0,1,39,12,0.21,0.27,5,5,2,2,14% (2/14),13% (2/16),0,0,45% (5/11),63% (10/16),55,58,0,0,1,0,13,22,1,5,0.23,0.23,0.00,-0.91,0,0,2,12,22,15,22,13,0,0,42% (23/55),35% (26/75),56% (40/72),56% (63/112),81% (300/372),77% (299/390),49%,51%,0,4,1,2,2,6,2,4,1,0,7,14,3,8,0.09,0.00,0.00,0.09
UFnJ7bEs,0,0,80,25,1.27,2.31,2,11,3,5,28% (5/18),22% (8/36),4,1,75% (3/4),57% (8/14),57,64,0,1,0,0,15,13,2,0,1.63,3.34,0.21,0.03,4,3,8,4,25,37,13,15,0,0,19% (16/83),27% (23/85),45% (38/85),40% (55/138),47% (100/212),49% (136/277),43%,57%,3,15,7,15,2,13,2,6,4,7,23,52,9,28,3.03,3.21,3.21,3.03
IekDB7FF,0,0,19,25,0.24,1.41,1,4,2,2,0% (0/12),33% (5/15),1,2,53% (8/15),56% (10/18),44,51,0,0,1,0,16,12,1,1,0.19,2.18,-1.83,0.55,0,4,10,10,20,14,12,16,0,0,40% (16/40),60% (26/43),66% (58/88),77% (82/107),81% (282/350),87% (475/543),40%,60%,1,3,1,9,5,2,3,2,2,6,7,33,6,11,0.55,3.17,3.17,0.55
bTPoQ6U8,0,2,19,36,1.18,0.87,6,1,4,2,23% (6/26),8% (1/12),2,3,62% (8/13),45% (9/20),55,54,0,0,0,0,19,15,0,2,1.35,2.31,-0.02,0.62,2,4,14,11,18,18,15,19,0,2,41% (24/59),40% (14/35),67% (74/111),70% (65/93),76% (279/368),82% (315/382),50%,50%,10,2,13,5,7,7,7,7,3,3,37,16,20,12,0.62,0.98,0.98,0.62
zyG9inOq,0,1,37,22,0.63,0.56,1,5,2,4,13% (2/15),11% (2/19),3,2,67% (12/18),78% (7/9),46,50,0,0,0,0,19,14,3,0,1.27,1.58,0.34,1.41,2,1,7,4,17,22,14,19,0,0,37% (21/57),46% (22/48),67% (62/93),75% (140/187),75% (217/290),85% (490/576),34%,66%,4,5,5,8,2,3,1,2,2,4,13,26,7,11,1.41,1.34,1.34,1.41
rLsa23x2,1,0,28,35,0.45,1.90,9,2,1,1,17% (4/23),18% (3/17),2,1,50% (7/14),53% (10/19),53,55,0,0,0,0,17,18,3,1,1.23,1.41,-0.04,0.02,1,3,8,13,21,18,18,17,0,0,44% (22/50),45% (21/47),62% (56/91),70% (81/116),83% (317/382),79% (303/382),51%,49%,5,0,6,7,9,0,9,4,1,3,15,22,15,7,0.02,0.96,0.96,0.02
UZ8IkQhd,1,1,33,12,0.17,1.46,3,11,1,2,18% (2/11),30% (8/27),5,1,63% (10/16),74% (14/19),36,48,0,0,2,0,12,8,2,0,0.19,1.78,-0.08,0.50,0,4,6,10,22,16,8,12,0,0,48% (22/46),59% (23/39),63% (35/56),82% (183/223),82% (289/351),90% (540/599),37%,63%,4,5,3,15,4,9,2,11,1,8,7,48,7,24,0.50,0.92,0.92,0.50
MTe4DTp3,0,0,40,19,0.38,1.66,2,3,3,6,27% (4/15),29% (9/31),2,2,50% (7/14),71% (10/14),53,44,0,0,0,1,11,12,3,4,0.51,1.23,-0.40,0.19,1,2,7,4,14,18,12,11,1,0,49% (33/68),50% (23/46),53% (37/70),83% (185/224),74% (256/345),88% (521/591),37%,63%,5,5,6,10,6,8,4,10,3,3,14,24,12,18,0.19,0.60,0.60,0.19
QLhL9opS,0,1,19,33,1.36,1.06,4,0,3,1,19% (4/21),21% (4/19),3,1,50% (8/16),67% (6/9),37,46,0,0,1,0,16,6,0,2,2.43,1.36,0.27,-0.40,5,4,2,4,24,19,6,16,0,0,44% (23/52),51% (19/37),75% (80/107),81% (125/154),84% (310/369),90% (482/538),41%,59%,4,2,11,8,4,2,8,4,3,4,28,18,15,10,1.60,1.27,1.27,1.60
AgUi4P7k,1,0,31,39,0.73,0.57,7,5,1,2,38% (5/13),19% (3/16),3,2,56% (9/16),47% (8/17),63,57,0,0,0,0,7,18,2,2,1.51,1.57,-0.40,-0.33,2,2,2,10,20,17,18,7,1,2,32% (18/56),46% (26/57),61% (68/111),56% (36/64),75% (270/362),75% (226/300),54%,46%,5,1,9,6,7,7,7,8,4,4,39,16,16,13,1.67,0.60,0.60,1.67
4hPwc80M,0,0,19,28,1.43,0.20,4,6,0,2,21% (3/14),13% (2/15),1,1,60% (9/15),47% (8/17),48,47,0,1,1,1,12,12,2,3,2.02,0.22,0.06,-1.82,4,0,4,13,16,17,12,12,1,0,58% (14/24),42% (21/50),75% (125/166),66% (57/87),88% (430/488),80% (246/309),61%,39%,2,2,8,2,8,4,10,3,4,1,23,8,16,6,1.18,0.06,0.06,1.18
WIZWkEVs,0,0,27,25,0.41,0.56,4,2,1,1,20% (3/15),17% (3/18),2,1,67% (4/6),67% (4/6),43,25,0,0,1,1,7,13,1,4,0.53,0.48,0.28,-0.29,2,0,5,13,18,19,13,7,0,0,42% (22/52),34% (23/67),66% (83/125),61% (62/101),86% (481/560),83% (323/390),58%,42%,2,3,4,4,3,4,3,3,2,2,14,12,7,8,0.71,0.28,0.28,0.71
zwHDZD2b,0,1,36,34,0.55,1.51,2,8,4,4,23% (3/13),31% (11/35),3,2,67% (8/12),71% (12/17),44,58,1,0,0,0,14,11,1,1,1.88,2.65,-1.12,-0.62,2,5,13,4,22,27,11,14,0,0,35% (18/52),30% (13/43),73% (70/96),66% (78/119),80% (277/348),80% (322/401),46%,54%,2,5,8,14,4,8,5,11,5,6,22,25,12,22,2.38,1.88,1.88,2.38
O2k1Q9Pp,0,0,40,23,0.62,0.89,3,4,2,2,31% (5/16),21% (6/28),2,3,85% (11/13),83% (15/18),49,55,0,0,2,1,14,22,2,0,2.10,1.11,0.48,1.06,3,3,6,6,15,22,22,14,0,0,40% (18/45),49% (22/45),63% (51/81),70% (99/142),82% (316/385),86% (426/493),44%,56%,1,3,6,6,4,8,5,9,4,2,13,15,10,14,2.06,0.48,0.48,2.06
d6penin4,0,0,27,28,0.11,0.74,2,7,2,4,6% (1/16),38% (6/16),4,0,56% (10/18),33% (6/18),58,58,1,0,0,0,20,22,0,2,0.25,1.08,0.45,0.00,0,1,6,4,21,14,22,20,0,1,39% (24/62),51% (18/35),54% (47/87),66% (84/127),75% (243/322),84% (360/428),43%,57%,5,2,2,4,10,4,7,1,0,5,5,18,12,8,0.00,1.45,1.45,0.00
dUSswm9j,0,1,19,29,1.49,1.00,9,4,0,1,11% (2/18),29% (4/14),3,3,75% (9/12),62% (13/21),50,55,0,1,1,1,10,23,3,2,2.96,1.89,0.67,-0.22,6,4,11,4,25,15,23,10,2,1,42% (20/48),50% (25/50),59% (54/91),65% (55/85),79% (271/343),78% (255/327),51%,49%,2,4,6,12,6,3,2,6,8,5,17,23,12,15,2.78,1.67,1.67,2.78
4I8UVV1N,0,0,27,29,0.57,1.60,2,4,5,3,25% (3/12),19% (3/16),3,4,75% (12/16),58% (7/12),39,49,1,0,0,2,23,11,2,2,0.35,1.99,0.37,0.58,0,3,5,5,23,22,11,23,0,0,28% (13/47),35% (19/55),52% (45/87),56% (55/98),76% (267/353),84% (441/526),40%,60%,2,4,3,5,6,7,3,3,4,5,18,17,9,12,0.58,2.37,2.37,0.58
4Wm3pVGG,0,0,13,27,1.58,0.69,7,3,0,2,27% (4/15),11% (1/9),3,0,70% (14/20),67% (10/15),57,54,0,2,1,1,12,15,2,0,2.27,0.70,0.70,-1.12,3,2,8,14,11,10,15,12,1,0,45% (19/42),48% (19/40),65% (81/124),66% (53/80),81% (338/415),83% (336/403),51%,49%,10,2,13,6,7,3,7,3,3,4,29,18,20,9,1.88,1.70,1.70,1.88
rwyVbUV9,0,0,23,17,0.36,1.80,5,7,2,1,23% (3/13),25% (5/20),3,1,75% (9/12),53% (8/15),37,49,1,0,0,0,14,8,1,0,1.05,3.27,1.14,-1.32,2,5,14,5,24,21,8,14,0,1,38% (21/56),22% (6/27),57% (36/63),77% (119/154),76% (277/366),86% (429/501),42%,58%,3,0,4,8,7,2,4,4,4,6,11,28,11,10,1.68,4.14,4.14,1.68
zDXM0j1c,0,0,37,9,0.55,0.81,2,9,3,1,30% (3/10),13% (4/30),3,0,57% (8/14),92% (11/12),44,46,0,0,1,0,12,7,5,0,0.44,0.77,0.13,-1.55,1,3,13,5,23,20,7,12,0,1,27% (14/52),57% (26/46),51% (35/68),70% (92/131),69% (164/237),86% (497/577),29%,71%,1,1,3,5,2,6,1,6,3,4,11,17,5,11,1.45,1.13,1.13,1.45
0bsCr9oT,0,0,17,13,0.69,0.53,2,3,1,3,0% (0/16),60% (6/10),3,2,53% (8/15),75% (15/20),50,57,0,0,0,1,20,18,3,2,0.86,1.49,-0.46,-1.58,1,2,9,9,25,10,18,20,0,0,60% (31/52),37% (25/67),74% (95/128),61% (63/104),83% (323/391),75% (231/308),56%,44%,2,4,7,9,2,6,3,7,4,4,24,29,9,15,0.42,0.54,0.54,0.42
zidnlDHi,0,0,20,26,0.89,1.33,8,7,4,4,30% (7/23),36% (8/22),3,8,63% (10/16),64% (9/14),49,67,0,0,0,2,17,14,1,0,1.18,1.41,-0.14,0.93,3,3,9,9,16,12,14,17,0,1,43% (18/42),41% (14/34),67% (62/92),65% (54/83),75% (187/251),87% (404/464),36%,64%,7,4,10,7,9,7,3,6,9,4,28,22,19,14,1.93,0.86,0.86,1.93
4WXvlh0f,0,0,14,35,1.15,0.17,7,0,1,1,31% (9/29),17% (1/6),1,2,50% (9/18),64% (16/25),60,60,0,0,0,2,8,7,1,1,2.58,0.23,0.01,-0.46,4,0,3,12,24,19,7,8,0,0,39% (13/33),33% (21/64),70% (122/174),46% (31/67),84% (468/559),62% (149/242),70%,30%,3,2,13,1,5,6,11,4,4,1,32,5,18,7,1.54,0.01,0.01,1.54
lMI5yzYo,0,0,13,29,2.57,0.12,8,1,1,1,30% (7/23),0% (0/3),0,8,45% (13/29),62% (8/13),47,50,0,1,0,1,13,6,0,0,3.45,0.12,0.00,1.32,7,0,11,7,13,9,6,13,6,0,68% (28/41),37% (17/46),80% (158/197),61% (39/64),90% (527/583),84% (342/405),59%,41%,4,2,19,0,4,5,7,3,12,0,34,13,23,5,5.32,0.00,0.00,5.32
W4AMXiXA,0,0,12,7,0.49,0.91,1,5,4,2,11% (1/9),43% (6/14),4,1,60% (6/10),69% (11/16),40,56,0,1,0,0,14,9,1,1,1.70,1.22,0.19,0.24,3,3,13,8,20,19,9,14,0,0,14% (5/37),52% (23/44),71% (76/107),76% (101/133),84% (408/488),82% (410/500),49%,51%,4,1,6,10,5,4,4,7,3,6,15,22,11,14,2.24,2.19,2.19,2.24
E1g0ez8K,0,1,35,20,0.28,0.99,4,8,5,2,9% (1/11),27% (6/22),3,3,73% (11/15),89% (8/9),52,50,0,0,1,0,13,5,2,6,1.18,1.70,-0.18,-0.08,3,2,20,6,14,33,5,13,1,1,46% (31/68),41% (17/41),47% (40/86),58% (53/92),71% (213/301),76% (260/343),46%,54%,1,7,5,10,4,7,3,5,5,5,12,22,9,17,1.92,1.82,1.82,1.92
ne1EXWFD,0,0,55,15,0.33,0.56,2,3,4,2,15% (2/13),15% (4/26),2,2,50% (6/12),44% (4/9),46,54,0,0,2,0,23,11,0,2,0.33,1.38,0.69,0.34,0,3,5,3,18,27,11,23,0,0,44% (26/59),28% (16/58),65% (53/82),58% (60/104),73% (208/284),77% (277/361),44%,56%,0,4,3,8,2,5,3,7,2,2,10,22,5,13,0.34,0.69,0.69,0.34
8OUepAaJ,0,0,17,18,0.94,0.50,3,7,2,3,25% (3/12),17% (3/18),6,2,59% (13/22),68% (13/19),55,42,0,0,1,0,12,11,2,0,1.31,0.82,0.19,-0.11,2,1,21,9,20,15,11,12,0,1,63% (27/43),45% (21/47),70% (93/132),61% (46/75),89% (553/622),79% (263/335),64%,36%,2,0,6,9,3,2,3,4,4,7,24,20,9,11,1.89,1.19,1.19,1.89
0bRmnWU6,2,0,16,34,2.60,0.48,9,4,3,5,47% (18/38),10% (1/10),1,4,54% (13/24),45% (5/11),59,59,0,1,1,0,18,16,0,3,2.36,0.70,-1.84,0.37,3,2,4,13,19,14,16,18,0,0,55% (24/44),39% (19/49),73% (122/167),54% (39/72),84% (369/439),74% (218/293),61%,39%,7,1,14,5,8,1,10,1,5,4,37,14,22,6,1.37,1.16,1.16,1.37
GWhRrcOE,1,0,14,37,1.03,0.56,2,5,3,5,13% (3/23),43% (6/14),3,4,50% (10/20),73% (16/22),59,59,2,1,0,1,21,14,1,1,0.72,2.57,-0.24,-0.42,0,4,4,3,16,7,14,21,0,0,55% (23/42),48% (15/31),79% (84/107),65% (51/78),83% (267/322),87% (371/425),44%,56%,4,4,7,11,10,5,8,5,5,7,16,25,17,16,0.58,2.76,2.76,0.58
0OAvLgW7,0,0,23,17,0.62,0.17,5,2,0,1,33% (5/15),7% (1/14),2,5,70% (16/23),80% (12/15),68,46,0,0,1,1,11,20,1,0,1.28,0.21,0.43,0.97,1,0,6,16,18,26,20,11,0,0,46% (23/50),52% (27/52),69% (92/133),74% (71/96),85% (443/521),85% (362/428),55%,45%,2,1,7,2,3,2,2,1,6,2,19,13,10,4,1.97,0.43,0.43,1.97
WrJNOyXr,0,1,16,20,0.50,1.52,4,1,1,1,26% (5/19),18% (3/17),3,5,58% (11/19),50% (9/18),53,49,0,0,0,0,8,12,0,3,0.78,1.16,-0.88,0.64,1,2,15,9,13,20,12,8,0,1,35% (17/48),57% (24/42),69% (61/89),77% (114/148),79% (255/321),89% (438/494),40%,60%,1,6,6,12,2,2,2,2,5,6,12,26,8,14,0.64,2.12,2.12,0.64
IF9cyFGl,0,0,28,32,0.69,0.23,2,4,2,2,23% (3/13),6% (1/17),2,5,33% (3/9),50% (4/8),53,43,0,0,0,0,15,14,3,3,0.46,0.36,0.26,0.30,0,0,12,9,23,24,14,15,0,0,48% (27/56),25% (14/56),63% (64/101),59% (47/80),80% (342/427),80% (308/384),52%,48%,0,2,4,4,5,4,4,4,5,2,13,10,9,8,0.30,0.26,0.26,0.30
lpiZtygR,0,0,28,23,0.51,1.06,6,4,2,3,35% (7/20),35% (7/20),3,3,90% (9/10),82% (9/11),49,41,0,0,0,0,10,16,2,0,1.75,1.20,0.23,0.44,4,1,11,8,20,19,16,10,0,0,39% (19/49),31% (17/54),56% (50/89),60% (49/82),76% (239/315),81% (302/372),46%,54%,2,2,8,9,3,3,5,5,4,5,15,15,11,12,1.44,2.23,2.23,1.44
61ZrWJv9,1,0,50,33,0.48,0.54,9,2,1,0,11% (3/27),21% (6/29),4,1,67% (8/12),69% (9/13),48,42,0,1,1,1,10,11,1,2,1.23,1.08,-0.81,-0.52,1,3,12,5,20,28,11,10,0,0,44% (29/66),38% (15/40),65% (67/103),63% (74/118),70% (176/252),83% (379/458),36%,64%,5,3,9,12,7,7,8,10,3,6,30,24,16,19,1.48,1.19,1.19,1.48
2TSiUc9L,1,0,32,21,0.49,0.39,3,7,2,1,25% (5/20),13% (3/24),7,3,56% (9/16),50% (7/14),58,50,0,0,1,1,15,19,4,1,0.87,1.14,1.10,0.15,1,2,8,5,18,19,19,15,1,0,55% (32/58),38% (20/53),64% (54/85),70% (85/122),82% (315/386),80% (319/397),49%,51%,3,3,9,8,4,8,7,6,3,7,17,22,13,16,0.15,1.10,1.10,0.15
hb7WMF1e,0,0,18,34,0.71,0.07,10,1,3,5,23% (7/30),8% (1/12),1,3,60% (9/15),71% (12/17),51,54,1,0,0,4,16,16,1,2,1.25,0.27,-0.33,-0.41,1,1,7,4,23,14,16,16,0,0,65% (28/43),43% (27/63),72% (89/124),59% (27/46),85% (311/366),79% (253/321),54%,46%,8,0,10,2,13,1,10,1,5,2,26,14,23,3,1.59,0.67,0.67,1.59
QuD5Zho1,0,0,41,22,1.22,1.87,9,5,5,2,21% (3/14),37% (7/19),4,6,40% (4/10),57% (8/14),36,54,0,0,1,0,12,8,1,3,1.99,1.95,1.31,0.55,5,4,9,2,19,21,8,12,2,0,39% (22/56),44% (20/45),69% (70/101),82% (220/267),74% (235/317),86% (593/686),32%,68%,1,2,9,9,4,3,5,5,7,5,20,38,13,12,1.55,1.31,1.31,1.55
niJ9HKPF,1,0,9,36,1.34,0.22,4,0,1,5,27% (6/22),60% (3/5),0,4,74% (17/23),50% (10/20),60,56,0,0,1,0,13,17,1,0,2.96,0.21,-0.25,0.80,2,0,21,12,25,23,17,13,1,0,57% (21/37),33% (15/45),69% (95/137),45% (19/42),87% (479/552),74% (218/293),65%,35%,7,3,17,2,4,4,7,2,7,1,45,3,21,6,3.80,0.75,0.75,3.80
j5Z6caYq,0,0,18,23,0.75,0.27,5,1,1,3,13% (2/15),13% (1/8),2,2,50% (8/16),56% (5/9),46,33,0,0,0,0,10,15,1,2,0.85,0.57,0.68,-0.15,1,1,5,11,16,14,15,10,0,1,53% (19/36),31% (14/45),83% (163/197),53% (33/62),91% (703/770),82% (304/372),67%,33%,2,1,5,4,1,1,1,2,3,2,11,7,6,5,0.85,0.68,0.68,0.85
CM2ZF7lB,0,0,44,27,1.09,1.67,3,10,5,6,44% (7/16),17% (6/36),4,0,71% (5/7),40% (2/5),41,30,0,0,1,0,11,17,1,3,2.34,3.57,1.07,-0.96,4,4,3,4,15,13,17,11,0,0,35% (19/54),32% (17/53),52% (45/87),69% (98/142),72% (209/292),79% (278/354),44%,56%,1,8,6,14,2,7,3,8,4,5,20,29,8,21,2.04,2.07,2.07,2.04
867IFbfS,0,0,21,37,0.90,0.14,8,5,1,4,19% (8/42),8% (1/12),1,3,77% (10/13),56% (5/9),40,49,0,0,0,0,15,11,0,2,1.61,0.22,0.15,0.45,3,0,13,7,19,27,11,15,0,0,51% (25/49),44% (24/54),76% (132/174),47% (28/59),88% (530/605),70% (194/276),69%,31%,6,2,10,2,8,3,8,2,4,1,23,9,18,5,1.45,0.15,0.15,1.45
IuglAxIk,0,0,22,15,0.31,0.77,4,4,2,0,14% (2/14),25% (2/8),1,2,60% (9/15),63% (10/16),42,58,2,0,1,1,19,15,0,1,0.50,0.99,-1.91,0.16,0,3,2,10,12,13,15,19,0,0,50% (23/46),43% (19/44),80% (71/89),74% (78/106),87% (459/530),86% (410/475),53%,47%,6,3,5,8,5,2,2,2,2,5,9,24,10,10,0.16,2.09,2.09,0.16
vRF1Jte3,1,0,23,20,1.35,0.59,4,9,3,1,33% (5/15),4% (1/23),4,8,59% (10/17),75% (6/8),54,36,0,0,0,1,10,19,1,1,3.00,0.77,0.59,-0.50,9,1,8,17,13,14,19,10,1,2,56% (40/72),48% (24/50),67% (82/122),54% (47/87),80% (353/439),77% (278/359),54%,46%,2,3,12,7,8,3,6,3,12,4,26,20,20,10,3.50,0.59,0.59,3.50
OIXEew3d,0,0,12,30,1.94,0.58,8,1,1,2,21% (5/24),33% (2/6),3,9,60% (6/10),65% (11/17),55,50,0,0,0,2,11,9,0,1,2.70,0.66,1.27,-1.09,3,0,7,10,16,11,9,11,1,1,57% (17/30),47% (21/45),75% (140/187),52% (35/67),87% (460/530),75% (196/263),67%,33%,1,3,15,5,9,2,9,1,14,3,40,15,24,7,4.91,1.27,1.27,4.91
E7nc8Gn2,0,0,33,15,0.17,1.45,6,6,4,4,21% (3/14),17% (5/29),2,2,53% (9/17),56% (9/16),44,46,0,0,1,0,15,15,0,1,0.45,1.41,0.19,0.13,0,2,7,8,13,19,15,15,0,0,40% (17/42),57% (26/46),58% (26/45),81% (118/145),85% (315/371),88% (426/483),43%,57%,1,5,6,8,2,8,5,8,2,3,13,30,8,16,0.13,1.19,1.19,0.13
4daRHTJb,0,1,57,18,0.59,0.81,1,8,3,1,67% (4/6),11% (4/35),1,0,73% (8/11),75% (6/8),39,41,0,0,0,0,19,8,2,1,0.15,0.85,-0.79,-0.12,1,1,14,2,14,30,8,19,0,0,36% (21/58),50% (30/60),50% (27/54),73% (114/157),72% (180/251),85% (409/483),33%,67%,0,3,2,6,1,5,2,6,1,2,10,24,3,11,0.88,0.21,0.21,0.88
02Ha3U45,0,0,17,37,0.33,0.36,8,4,4,5,21% (5/24),20% (3/15),1,3,57% (4/7),50% (4/8),50,47,0,0,0,0,15,17,1,1,0.51,0.24,0.04,0.64,2,0,7,3,23,20,17,15,0,0,59% (30/51),36% (18/50),64% (49/76),55% (41/74),81% (280/347),78% (247/318),52%,48%,2,3,5,3,5,3,5,2,3,1,17,9,10,6,0.64,0.04,0.04,0.64
hIV8an4U,0,0,29,13,0.52,0.68,2,4,2,1,30% (3/10),35% (7/20),5,2,69% (11/16),64% (7/11),42,34,1,0,0,1,9,10,2,2,0.47,1.94,0.87,0.22,0,2,11,3,15,22,10,9,0,1,39% (18/46),48% (19/40),58% (36/62),61% (89/145),74% (163/220),87% (566/648),26%,74%,3,2,5,10,6,1,6,3,2,6,15,32,11,11,0.22,2.87,2.87,0.22
hdfYn9KO,0,0,30,24,0.84,1.35,2,2,1,1,17% (3/18),40% (6/15),3,3,80% (8/10),62% (8/13),48,48,0,0,2,1,10,19,3,2,1.90,0.96,1.02,0.26,2,1,6,3,21,23,19,10,0,1,39% (19/49),60% (31/52),76% (77/101),61% (75/123),83% (348/419),82% (352/427),50%,50%,3,8,8,11,2,6,3,6,4,3,15,28,10,17,1.26,1.02,1.02,1.26
YFF718ZH,0,0,21,24,1.42,0.69,5,3,1,5,31% (5/16),24% (4/17),1,6,75% (12/16),63% (10/16),53,43,0,0,0,1,12,14,2,1,3.33,0.58,-0.60,0.13,4,0,5,6,21,26,14,12,1,1,55% (28/51),38% (20/53),72% (62/86),57% (33/58),87% (396/457),75% (198/263),63%,37%,8,3,15,6,9,3,7,4,9,2,28,18,24,9,3.13,0.40,0.40,3.13
naiQlVkC,0,0,32,15,0.52,1.54,1,5,2,3,13% (2/16),7% (1/15),2,2,67% (10/15),50% (3/6),44,31,0,0,0,0,16,14,2,3,1.93,2.32,-0.82,-0.78,3,3,10,10,21,27,14,16,1,3,52% (22/42),50% (24/48),54% (44/81),71% (74/104),83% (324/392),86% (424/495),44%,56%,2,1,4,7,5,1,2,2,5,5,12,24,9,8,2.22,2.18,2.18,2.22
rsBIJkkn,0,0,32,27,1.96,1.30,3,9,1,3,29% (5/17),37% (10/27),5,3,62% (8/13),60% (9/15),57,50,0,1,0,0,10,19,1,0,1.40,2.45,0.95,0.48,3,2,10,6,24,14,19,10,0,2,36% (14/39),39% (18/46),63% (50/79),71% (87/122),79% (280/353),84% (397/471),43%,57%,0,7,6,20,1,2,3,9,4,6,17,41,7,22,1.48,1.95,1.95,1.48
jXcHjiLa,0,1,49,18,0.67,1.52,3,11,6,6,22% (2/9),21% (7/33),6,4,69% (9/13),55% (6/11),45,51,0,0,0,1,16,16,1,6,1.63,2.36,0.10,-0.08,3,4,4,3,15,28,16,16,2,1,36% (16/45),31% (12/39),54% (28/52),75% (94/126),75% (179/239),84% (356/423),35%,65%,4,5,5,14,4,3,0,4,5,8,11,36,9,17,0.92,2.10,2.10,0.92
dAKr7C5t,0,0,28,25,0.82,0.40,7,7,5,4,19% (3/16),31% (4/13),2,2,67% (6/9),81% (13/16),51,55,0,0,1,1,23,12,1,0,1.39,0.29,0.89,-0.43,3,0,9,7,22,21,12,23,0,0,33% (19/57),40% (18/45),60% (52/86),41% (30/74),73% (210/286),75% (288/384),43%,57%,4,2,7,2,4,3,4,1,3,2,26,11,11,5,0.57,0.89,0.89,0.57
4zOj5jzg,0,0,14,16,0.61,0.37,3,2,2,5,23% (3/13),22% (2/9),1,3,60% (15/25),63% (12/19),62,52,1,0,1,1,15,20,2,1,0.92,0.58,-0.38,0.54,1,1,11,8,16,17,20,15,0,0,39% (12/31),56% (18/32),73% (77/105),75% (70/93),83% (295/355),87% (454/521),41%,59%,1,1,5,3,5,2,5,2,4,2,13,9,10,5,1.54,0.62,0.62,1.54
Ora1PEM0,0,3,19,6,0.01,2.19,0,6,4,0,0% (0/0),25% (5/20),4,1,71% (5/7),50% (3/6),26,32,0,0,1,2,11,9,0,1,0.06,3.53,0.50,0.02,0,6,9,5,9,12,9,11,0,1,36% (15/42),68% (28/41),33% (7/21),87% (238/274),67% (116/174),94% (877/933),16%,84%,0,2,0,13,3,5,2,10,1,6,0,40,3,18,0.02,2.50,2.50,0.02
tKVRuz7s,0,0,26,19,1.20,0.82,5,4,1,3,33% (4/12),15% (2/13),2,5,68% (17/25),59% (13/22),55,52,0,1,0,0,14,11,3,1,1.35,1.05,0.22,0.02,3,1,14,9,17,22,11,14,1,1,44% (17/39),40% (17/43),64% (50/78),71% (87/122),83% (367/443),82% (389/473),48%,52%,3,4,10,7,2,4,3,5,6,2,21,20,12,11,1.02,0.22,0.22,1.02
xnPzvEyf,0,0,12,17,0.98,0.10,5,1,1,0,38% (5/13),0% (0/6),3,2,73% (16/22),74% (20/27),47,54,0,0,0,3,12,12,1,1,2.36,0.10,0.07,-2.27,5,0,7,12,23,13,12,12,1,0,75% (24/32),57% (20/35),79% (113/143),69% (27/39),91% (537/589),86% (305/355),63%,37%,6,1,12,1,7,4,7,1,6,3,30,16,19,5,1.73,0.07,0.07,1.73
bZIxbZSP,1,0,24,11,0.98,0.14,1,5,2,3,43% (3/7),0% (0/21),2,3,50% (5/10),53% (10/19),41,41,0,0,0,1,10,15,1,4,2.10,1.04,-0.21,0.48,5,1,10,15,17,16,15,10,1,0,31% (11/35),54% (27/50),63% (47/75),63% (55/87),84% (380/453),80% (249/312),58%,42%,0,2,9,4,0,5,5,4,4,3,18,14,9,9,1.48,0.79,0.79,1.48
W829NhiD,0,2,5,50,0.64,0.21,12,3,2,0,17% (7/41),25% (2/8),1,2,55% (6/11),55% (6/11),53,40,0,0,1,3,10,20,0,3,0.52,1.09,0.01,0.08,1,2,2,11,26,13,20,10,0,0,57% (26/46),32% (21/66),69% (105/152),60% (27/45),84% (390/467),72% (193/268),65%,35%,5,1,5,3,10,2,8,2,2,2,27,10,15,5,0.08,1.01,1.01,0.08
IJa9hDjm,0,0,55,14,0.29,3.45,2,11,4,2,0% (0/7),28% (10/36),6,1,69% (9/13),50% (6/12),47,63,0,1,0,0,10,8,0,1,0.39,2.40,0.62,-0.05,1,3,9,6,8,33,8,10,0,0,31% (20/64),48% (19/40),53% (39/73),78% (213/272),67% (177/265),85% (503/595),30%,70%,1,10,2,17,4,13,3,12,2,8,4,62,6,30,0.95,2.62,2.62,0.95
pCSrxh66,1,1,27,28,0.21,1.13,6,4,4,4,15% (3/20),22% (4/18),3,0,46% (6/13),60% (6/10),43,44,0,0,1,1,9,17,0,4,0.17,1.47,-0.28,0.00,0,5,7,6,23,15,17,9,0,2,47% (38/81),37% (15/41),54% (54/100),72% (99/138),80% (371/463),82% (354/431),52%,48%,3,1,3,6,2,4,2,4,0,5,15,13,5,10,0.00,1.72,1.72,0.00
6RGizWzJ,0,0,29,17,0.33,1.87,5,4,4,5,42% (5/12),48% (13/27),6,4,73% (11/15),77% (17/22),51,60,0,0,0,0,17,22,1,0,1.41,2.25,-0.09,-0.06,1,4,2,4,28,15,22,17,0,0,41% (17/41),31% (15/48),56% (29/52),69% (85/124),82% (323/392),81% (333/409),48%,52%,2,3,4,12,7,5,3,6,6,8,14,41,11,17,1.94,1.91,1.91,1.94
plpdodqK,1,1,15,28,0.52,0.72,7,3,0,1,20% (4/20),46% (6/13),1,0,61% (11/18),71% (5/7),50,34,0,1,0,0,11,14,3,1,1.56,1.17,0.04,-0.95,3,2,10,9,16,19,14,11,0,0,65% (33/51),54% (20/37),73% (72/98),66% (39/59),85% (288/340),87% (359/414),46%,54%,2,2,7,7,4,2,5,6,4,1,12,17,11,9,3.05,0.04,0.04,3.05
xSSJo5w3,1,0,8,33,1.11,0.17,6,2,3,2,17% (3/18),29% (2/7),3,4,50% (7/14),40% (6/15),39,40,2,0,0,0,8,8,5,1,2.22,1.21,0.67,0.59,3,3,6,4,21,15,8,8,1,0,60% (29/48),44% (20/45),78% (177/227),61% (19/31),87% (489/562),77% (224/292),66%,34%,6,3,10,4,9,3,7,0,6,4,35,7,19,7,2.59,1.67,1.67,2.59
pYuYN1od,1,1,26,20,1.02,1.52,5,3,3,2,29% (5/17),43% (10/23),0,1,57% (13/23),61% (11/18),48,45,0,0,0,0,13,15,0,1,2.23,0.82,-0.05,-0.50,3,2,9,6,19,25,15,13,0,2,24% (12/51),46% (19/41),74% (96/130),73% (77/105),85% (413/488),85% (367/431),53%,47%,3,6,9,7,2,4,5,4,3,1,20,20,11,11,1.50,0.95,0.95,1.50
INegVqgM,1,0,26,22,0.28,0.86,2,4,5,2,0% (0/13),19% (3/16),4,0,55% (12/22),47% (7/15),48,59,0,0,2,0,24,13,0,3,0.27,1.24,0.04,0.00,0,4,11,7,15,14,13,24,0,0,46% (27/59),52% (26/50),63% (56/89),68% (82/120),79% (298/376),85% (376/444),46%,54%,6,3,3,13,5,6,2,10,0,6,11,34,8,19,0.00,1.04,1.04,0.00
nPKhRFzi,0,1,36,23,0.71,0.77,1,4,1,5,19% (4/21),36% (5/14),4,7,67% (8/12),72% (13/18),55,50,0,0,0,1,12,19,0,1,1.79,2.04,-0.07,1.22,2,3,15,14,22,25,19,12,0,0,44% (24/54),44% (24/54),59% (61/103),65% (89/137),78% (266/342),80% (349/434),45%,55%,3,2,14,10,2,2,5,5,8,5,29,27,16,12,2.22,0.93,0.93,2.22
40kwZRgc,1,1,19,33,0.67,0.79,2,6,3,4,19% (4/21),29% (5/17),3,3,50% (6/12),35% (6/17),53,47,0,0,2,0,12,15,1,0,2.16,1.26,-0.20,0.27,3,1,4,13,24,21,15,12,0,0,50% (28/56),27% (13/48),62% (47/76),55% (40/73),79% (351/443),69% (186/271),62%,38%,3,2,8,12,6,5,7,11,4,4,16,24,14,17,1.27,0.80,0.80,1.27
l6nPPNGq,0,0,51,22,0.28,1.36,2,12,9,4,9% (1/11),15% (5/33),4,1,56% (14/25),63% (10/16),55,50,0,1,1,1,11,12,0,0,0.58,1.24,-0.27,-0.04,1,3,10,4,19,13,12,11,0,1,21% (11/52),33% (10/30),56% (35/62),79% (201/256),67% (159/237),88% (585/662),26%,74%,1,4,2,12,3,9,2,10,2,7,4,33,5,21,0.96,1.73,1.73,0.96
2TAhRzhl,3,0,27,33,1.04,0.57,4,3,3,1,23% (5/22),10% (2/20),1,4,71% (10/14),70% (7/10),47,40,0,0,1,0,14,11,1,2,1.46,1.33,-0.20,1.50,2,1,6,3,18,25,11,14,0,0,35% (24/68),39% (20/51),63% (67/107),70% (69/99),78% (305/389),83% (325/391),50%,50%,7,3,8,9,7,2,4,6,4,2,20,19,15,11,1.50,0.80,0.80,1.50
d87pX5O9,0,1,9,28,1.77,0.30,9,3,2,0,35% (9/26),13% (1/8),3,4,60% (9/15),63% (10/16),45,42,0,0,0,0,15,16,2,1,1.59,0.69,-0.55,0.44,3,2,7,9,24,20,16,15,0,0,60% (25/42),52% (30/58),77% (119/155),64% (42/66),86% (416/484),84% (318/379),57%,43%,6,3,11,3,4,8,4,4,5,4,24,10,15,11,1.44,0.45,0.45,1.44
dUrLqq8F,1,0,27,35,1.34,0.32,10,2,3,1,22% (7/32),8% (1/12),1,4,57% (8/14),64% (9/14),51,44,1,0,0,1,9,13,1,3,2.06,1.13,-2.21,-1.22,3,1,14,7,22,26,13,9,2,0,47% (29/62),39% (29/75),71% (89/126),60% (49/81),81% (321/397),81% (394/485),46%,54%,7,2,13,5,6,5,5,4,7,4,35,11,19,10,1.78,0.79,0.79,1.78
8As6zKD4,0,0,40,18,0.39,0.72,2,0,2,3,40% (2/5),25% (5/20),4,2,56% (9/16),60% (12/20),43,59,0,0,0,0,16,14,0,1,0.61,0.56,0.43,-0.45,1,0,9,5,11,24,14,16,0,0,38% (20/52),57% (36/63),56% (32/57),68% (83/122),82% (270/328),85% (455/538),37%,63%,2,5,4,8,5,7,4,6,3,4,13,13,9,15,0.55,0.43,0.43,0.55
fRuEYcrH,0,0,19,16,0.44,1.40,2,3,3,3,20% (1/5),19% (3/16),2,2,63% (10/16),67% (6/9),47,44,0,0,0,1,15,13,2,2,0.94,0.91,0.17,-1.15,1,2,11,13,13,24,13,15,1,0,33% (17/51),45% (27/60),53% (39/73),84% (160/191),71% (218/305),88% (597/678),31%,69%,3,4,3,6,6,4,2,3,4,3,8,17,9,10,0.85,1.17,1.17,0.85
SjMWLKbB,0,0,15,32,0.96,0.51,5,2,3,2,26% (8/31),38% (3/8),3,2,75% (15/20),76% (13/17),51,48,0,0,0,0,11,11,0,2,0.60,0.69,0.01,0.27,3,1,13,7,17,28,11,11,1,0,49% (27/55),40% (25/63),70% (109/156),68% (59/87),86% (485/563),77% (316/409),59%,41%,4,0,7,4,4,3,5,2,2,5,20,18,11,7,0.27,2.01,2.01,0.27
QRPFP2an,0,0,16,33,0.80,0.68,5,3,4,4,31% (5/16),7% (1/15),1,3,56% (5/9),68% (17/25),47,61,0,0,0,0,18,17,0,0,0.92,2.00,-0.80,-0.44,1,3,4,8,29,16,17,18,1,0,42% (22/52),50% (30/60),61% (76/125),69% (61/88),76% (291/385),78% (243/313),55%,45%,6,1,9,7,6,3,4,6,5,3,22,16,15,10,1.56,1.20,1.20,1.56
jgZMWyDT,0,0,16,10,0.15,2.20,3,6,3,4,14% (1/7),35% (6/17),7,3,53% (8/15),44% (4/9),42,47,0,0,0,1,12,11,1,0,0.42,2.13,-0.48,0.07,0,6,10,8,15,19,11,12,0,0,55% (30/55),60% (30/50),69% (44/64),83% (145/174),77% (216/279),90% (498/552),34%,66%,3,6,4,13,6,11,4,8,3,10,8,37,10,24,0.07,2.52,2.52,0.07
YiTNNtUb,0,0,14,42,1.24,0.41,5,2,2,3,18% (6/34),25% (2/8),1,1,63% (5/8),77% (10/13),46,46,1,0,0,0,20,21,0,1,1.07,2.17,-1.60,-1.46,2,3,8,7,21,17,21,20,0,0,54% (26/48),45% (22/49),57% (53/93),53% (33/62),82% (301/369),79% (238/303),56%,44%,3,4,5,7,5,5,3,2,4,6,18,14,10,12,1.54,3.40,3.40,1.54
04KvKbTN,0,2,27,6,0.14,1.96,0,6,2,1,50% (1/2),37% (11/30),2,0,64% (9/14),64% (7/11),48,33,0,0,0,0,10,14,1,3,0.18,3.19,-1.11,0.00,0,6,9,8,13,19,14,10,0,1,50% (30/60),56% (23/41),40% (19/48),78% (136/175),84% (367/437),89% (542/607),41%,59%,1,8,2,16,0,8,1,10,0,6,5,44,2,24,0.00,2.89,2.89,0.00
negcxtqh,0,0,37,23,0.24,0.79,3,10,4,6,16% (3/19),29% (7/24),3,3,60% (9/15),74% (14/19),63,56,0,0,1,0,15,18,2,1,0.40,1.61,-0.13,0.40,1,1,12,9,16,28,18,15,0,0,47% (21/45),53% (27/51),55% (49/89),74% (87/117),77% (218/284),80% (287/359),44%,56%,1,8,4,13,4,7,4,8,3,4,13,32,8,20,0.40,0.87,0.87,0.40
Kl1BExio,1,0,7,30,2.31,0.13,10,0,1,1,27% (8/30),0% (0/5),0,5,47% (9/19),50% (8/16),43,44,0,0,1,0,9,10,1,0,2.34,0.31,0.00,-0.05,2,0,3,14,15,14,10,9,2,0,76% (26/34),56% (40/71),83% (199/241),65% (47/72),91% (579/636),80% (260/323),67%,33%,6,3,20,1,7,7,13,5,8,0,47,5,27,8,1.95,0.00,0.00,1.95
veZuDPFt,0,1,44,17,0.19,0.89,2,7,3,2,9% (1/11),17% (4/24),5,0,60% (9/15),63% (5/8),45,41,0,0,1,0,15,13,0,5,0.26,1.88,1.25,-0.60,0,2,9,13,23,26,13,15,0,1,30% (16/53),47% (18/38),56% (32/57),66% (97/147),76% (230/303),86% (417/483),39%,61%,3,4,3,11,5,5,4,5,1,7,11,36,8,16,0.40,3.25,3.25,0.40
zNSlB3pg,1,0,11,23,0.52,0.31,4,2,1,3,43% (3/7),33% (3/9),1,4,55% (6/11),67% (8/12),47,39,0,3,0,1,16,16,4,1,2.61,0.21,0.43,0.00,5,1,8,10,16,14,16,16,0,0,46% (24/52),52% (23/44),69% (91/132),61% (30/49),88% (490/558),82% (294/358),61%,39%,3,0,9,2,6,1,4,2,8,1,24,6,15,3,4.00,0.43,0.43,4.00
MDa55aEU,0,0,36,25,0.73,2.23,2,9,3,1,5% (1/19),20% (5/25),12,2,71% (17/24),75% (9/12),40,66,0,0,1,0,12,12,2,0,0.37,2.48,0.85,0.12,0,7,15,3,14,25,12,12,0,5,40% (16/40),52% (14/27),67% (60/89),77% (128/166),77% (214/277),88% (487/555),34%,66%,3,7,3,20,6,9,4,7,2,15,9,49,9,29,0.12,3.85,3.85,0.12
SIpsFCoR,0,0,13,28,0.32,0.55,6,5,3,3,25% (6/24),22% (4/18),3,3,67% (8/12),64% (14/22),47,55,0,0,0,1,13,15,2,3,1.74,1.47,0.90,0.25,2,3,9,9,28,18,15,13,0,1,43% (28/65),38% (24/63),51% (57/112),47% (35/74),75% (299/401),68% (184/270),59%,41%,2,1,10,7,3,2,7,4,4,4,19,18,13,9,1.25,1.90,1.90,1.25
EFIU588D,0,0,33,24,0.93,0.81,5,4,1,2,28% (5/18),33% (7/21),3,8,69% (11/16),71% (10/14),49,61,0,0,0,0,20,14,2,6,1.68,0.50,0.64,0.17,1,1,10,6,25,24,14,20,0,1,48% (28/58),51% (21/41),65% (64/99),63% (55/87),77% (274/356),80% (276/344),50%,50%,4,5,10,6,5,7,1,5,10,3,21,18,15,13,2.17,0.64,0.64,2.17
Emdc7LqI,2,0,9,20,1.22,0.22,9,1,2,2,22% (4/18),10% (1/10),0,3,85% (11/13),56% (9/16),55,39,0,0,1,0,13,18,4,1,3.84,0.44,0.00,-0.45,5,0,12,8,6,26,18,13,0,0,73% (38/52),45% (19/42),72% (97/134),68% (52/76),85% (398/466),81% (330/406),53%,47%,2,1,14,2,3,3,7,4,8,0,46,4,17,5,4.55,0.00,0.00,4.55
n3RD9j9l,0,0,11,34,1.11,0.67,4,5,3,6,19% (5/26),44% (4/9),0,1,69% (11/16),38% (6/16),56,43,1,0,0,0,16,20,3,2,0.83,0.86,-0.99,-0.16,2,1,7,9,19,24,20,16,1,1,50% (20/40),35% (15/43),74% (75/102),55% (30/55),86% (364/424),81% (270/332),57%,43%,6,2,8,6,8,2,8,4,2,2,29,12,16,8,0.84,1.01,1.01,0.84
8zRd9sF5,0,0,25,30,0.78,0.41,8,4,1,1,21% (4/19),13% (3/23),2,3,72% (13/18),36% (5/14),55,40,0,1,0,0,10,15,2,0,1.87,0.20,0.06,0.28,3,0,8,4,15,21,15,10,0,0,52% (35/67),40% (19/47),75% (123/164),60% (65/108),84% (405/484),73% (226/309),60%,40%,7,1,14,3,6,4,8,4,5,2,26,14,20,7,2.28,0.06,0.06,2.28
h0UL7Uw1,0,0,21,22,1.03,1.09,1,4,3,4,26% (5/19),20% (2/10),1,2,58% (15/26),72% (13/18),60,45,0,0,1,0,12,18,2,0,1.47,1.62,-1.27,0.85,3,2,5,7,20,17,18,12,0,0,50% (21/42),40% (17/43),66% (65/99),72% (65/90),86% (342/400),80% (254/317),56%,44%,0,5,4,5,2,7,4,2,2,5,19,15,6,12,0.85,2.73,2.73,0.85
f5nZGYGE,1,1,10,28,1.15,0.15,3,3,6,2,26% (5/19),10% (1/10),1,2,55% (6/11),67% (12/18),33,50,0,0,0,2,15,6,0,0,0.68,0.12,0.33,0.61,1,0,8,7,24,11,6,15,1,0,61% (19/31),40% (24/60),68% (77/114),65% (48/74),85% (366/430),80% (334/417),51%,49%,2,1,6,2,2,2,4,2,2,1,28,11,8,4,0.61,0.33,0.33,0.61
vc4ngVO7,0,0,12,13,1.35,0.65,1,5,4,5,44% (4/9),33% (4/12),4,2,61% (11/18),67% (10/15),51,51,0,0,0,0,19,13,2,3,1.43,1.30,0.73,-0.12,2,3,12,10,16,20,13,19,0,0,45% (26/58),38% (15/40),68% (46/68),71% (89/125),80% (345/429),87% (472/542),44%,56%,5,2,10,6,3,5,5,4,3,5,28,21,13,11,0.88,1.73,1.73,0.88
4GXj4eX8,0,0,31,19,0.96,1.08,6,7,7,4,38% (5/13),18% (6/33),3,4,60% (9/15),38% (6/16),61,51,0,1,0,0,15,15,0,3,2.30,0.85,0.81,0.30,4,3,14,5,14,20,15,15,2,0,45% (20/44),60% (26/43),69% (52/75),66% (93/140),83% (312/374),84% (335/401),47%,53%,4,3,7,8,6,5,2,7,7,3,18,21,13,13,3.30,0.81,0.81,3.30
CMp5thu2,0,1,34,18,0.49,1.82,4,11,5,1,15% (2/13),34% (12/35),3,2,53% (8/15),87% (13/15),51,52,0,1,1,0,22,12,2,4,0.73,1.75,-0.63,-0.43,1,2,4,5,21,24,12,22,1,0,36% (20/55),60% (27/45),55% (41/74),70% (70/100),78% (243/310),81% (280/346),46%,54%,2,5,5,12,2,2,2,4,3,5,7,34,7,14,0.57,0.37,0.37,0.57
ht6veife,2,0,20,41,1.48,0.48,9,3,4,5,23% (7/31),27% (3/11),3,6,62% (8/13),53% (9/17),52,51,0,0,0,0,17,11,1,1,1.93,1.12,-0.09,0.71,3,1,12,15,25,21,11,17,0,1,43% (16/37),37% (22/60),69% (106/154),60% (45/75),81% (332/410),79% (325/410),51%,49%,1,1,8,10,6,3,6,7,7,5,23,17,14,13,2.71,0.91,0.91,2.71
0UoRmzmS,0,0,26,27,0.44,0.73,0,5,3,2,21% (5/24),19% (3/16),3,1,58% (11/19),79% (15/19),42,56,0,0,1,0,16,6,0,2,0.48,1.21,-0.96,0.06,1,2,5,12,26,14,6,16,0,2,56% (35/62),47% (25/53),70% (77/110),63% (58/92),82% (349/425),83% (369/447),49%,51%,1,4,4,9,1,3,2,2,2,6,14,19,5,12,1.06,2.04,2.04,1.06
0rRa2Z1L,1,0,21,19,0.53,0.60,5,7,2,3,15% (2/13),36% (10/28),5,5,73% (8/11),54% (7/13),42,40,0,1,0,1,13,15,2,2,2.38,0.88,0.71,0.28,4,0,10,10,22,16,15,13,0,0,35% (15/43),49% (29/59),68% (74/109),70% (64/92),79% (255/322),80% (326/405),43%,57%,5,4,7,6,8,8,3,6,7,5,24,13,15,15,2.28,0.71,0.71,2.28
WQHVdDPr,0,0,28,39,1.00,1.52,2,4,1,3,17% (3/18),23% (3/13),1,3,58% (7/12),63% (5/8),53,38,0,0,1,1,12,16,1,1,2.65,1.97,-0.87,-0.29,4,5,5,2,23,18,16,12,1,0,44% (17/39),32% (12/38),66% (73/110),48% (30/63),81% (295/362),77% (205/265),58%,42%,4,2,7,8,10,2,6,4,7,4,19,21,17,10,2.71,1.13,1.13,2.71
WCxcrEAk,0,0,37,32,1.14,0.25,6,7,3,3,32% (8/25),11% (2/18),1,3,60% (9/15),40% (4/10),54,43,1,1,0,0,14,12,3,1,0.93,1.12,-0.16,-0.42,1,3,9,2,23,28,12,14,1,0,46% (25/54),37% (24/65),54% (51/94),51% (44/87),78% (299/385),72% (272/378),51%,49%,2,2,9,8,2,2,4,5,5,3,17,14,11,10,1.58,1.84,1.84,1.58
WSIZvu4c,0,1,20,23,0.72,0.86,5,8,5,3,21% (4/19),23% (5/22),2,3,63% (5/8),62% (8/13),36,43,1,0,2,0,13,8,0,2,0.67,2.96,-0.87,0.73,0,4,5,5,13,15,8,13,0,0,31% (16/52),55% (24/44),62% (47/76),61% (48/79),80% (283/353),84% (329/393),47%,53%,1,5,7,11,6,5,9,6,3,5,19,26,13,16,0.73,3.13,3.13,0.73
hr7rwJY9,1,0,14,51,2.61,0.41,11,6,4,5,16% (5/32),0% (0/15),3,5,59% (10/17),41% (7/17),52,62,0,0,0,1,19,15,2,0,2.42,0.49,0.80,1.36,4,2,6,14,15,20,15,19,0,1,60% (27/45),37% (25/67),77% (175/227),57% (27/47),84% (405/484),78% (277/354),58%,42%,10,2,19,4,9,1,13,0,5,3,54,9,28,5,1.36,0.80,0.80,1.36
KhiNVzRq,1,1,32,39,0.79,0.57,6,3,0,3,15% (4/26),21% (3/14),4,1,52% (12/23),69% (9/13),58,53,0,0,0,0,4,7,0,3,0.61,1.77,0.62,0.03,1,3,8,15,30,23,7,4,0,0,29% (16/56),45% (41/91),69% (98/142),57% (62/109),81% (495/610),75% (309/411),60%,40%,3,2,4,6,5,7,5,6,1,5,22,14,9,13,0.03,1.62,1.62,0.03
6kRmHyCj,0,0,35,5,0.20,1.38,1,5,3,0,43% (3/7),21% (7/33),3,2,68% (15/22),67% (6/9),54,36,0,0,2,0,15,17,1,1,1.72,1.24,0.40,-0.24,3,1,9,7,16,30,17,15,0,0,35% (24/69),52% (15/29),61% (36/59),84% (120/143),75% (236/314),87% (344/397),43%,57%,3,6,5,4,6,15,4,10,4,3,7,25,11,19,1.76,0.40,0.40,1.76
Cl9FZqSH,0,0,13,10,0.15,0.91,3,9,4,2,25% (2/8),27% (4/15),1,2,67% (10/15),64% (14/22),47,51,0,0,0,1,13,12,1,3,0.21,1.12,-0.03,0.27,1,2,14,5,13,17,12,13,0,0,40% (23/58),64% (34/53),61% (55/90),75% (112/149),76% (283/370),87% (523/602),38%,62%,2,3,4,5,3,4,3,4,2,2,10,21,7,9,0.27,0.97,0.97,0.27
WlfAiIm3,0,0,20,19,1.52,0.47,6,6,3,2,25% (5/20),12% (2/17),2,3,62% (8/13),67% (10/15),48,39,0,0,0,0,11,20,3,0,2.58,0.78,0.55,-0.18,4,1,5,13,14,23,20,11,1,0,50% (30/60),58% (34/59),71% (56/79),60% (55/91),82% (369/448),79% (287/362),55%,45%,3,4,7,7,4,4,2,5,6,2,22,15,11,11,2.82,0.55,0.55,2.82
08Ajyc3M,0,0,25,24,1.14,0.48,3,4,2,7,26% (5/19),14% (2/14),3,5,69% (9/13),71% (15/21),52,50,0,0,0,0,13,25,1,0,1.99,1.52,0.43,0.72,4,3,8,15,28,17,25,13,0,0,39% (21/54),39% (26/67),57% (60/105),59% (41/69),77% (294/380),74% (253/342),53%,47%,4,0,6,5,5,7,2,7,5,5,20,10,11,12,1.72,2.43,2.43,1.72
vFcIkdIF,0,0,37,23,0.44,0.96,6,8,5,5,13% (2/16),38% (9/24),3,2,82% (9/11),58% (11/19),50,60,1,0,1,0,13,15,4,3,0.99,1.70,0.35,-0.29,1,3,5,7,23,12,15,13,0,0,37% (15/41),28% (15/54),62% (53/86),57% (50/87),81% (339/418),77% (260/338),54%,46%,3,5,8,13,4,7,5,11,4,4,19,24,12,20,1.71,1.35,1.35,1.71
h6kVTEed,0,2,32,14,0.20,0.95,0,7,3,4,0% (0/9),29% (7/24),6,2,53% (8/15),55% (16/29),83,69,0,1,0,0,14,20,0,2,1.27,1.26,0.59,-0.83,1,2,7,4,23,22,20,14,1,1,43% (23/53),50% (28/56),65% (61/94),63% (62/99),77% (280/362),79% (313/398),47%,53%,0,3,4,9,6,7,6,6,4,7,18,19,10,16,1.17,1.59,1.59,1.17
phKn4iwn,0,0,8,66,1.68,0.19,11,2,3,3,21% (8/38),50% (3/6),1,6,56% (14/25),71% (17/24),65,63,0,0,0,0,16,17,2,0,2.57,0.16,-0.11,1.27,4,0,9,9,31,15,17,16,1,0,75% (24/32),38% (20/53),79% (178/226),51% (28/55),87% (480/552),72% (187/259),69%,31%,6,1,15,3,4,1,6,1,7,2,53,13,19,4,2.27,0.89,0.89,2.27
r9HbwSSh,1,0,16,39,2.02,0.21,6,4,1,1,16% (3/19),13% (2/15),1,10,71% (12/17),39% (7/18),59,43,0,0,0,2,16,18,0,0,5.01,0.16,0.04,1.87,10,0,8,11,13,14,18,16,1,0,64% (25/39),28% (13/47),78% (166/213),74% (42/57),88% (517/588),83% (310/373),61%,39%,5,2,18,2,7,2,6,1,14,1,42,9,25,4,4.87,0.04,0.04,4.87
C62oWALP,0,0,27,38,0.48,1.49,5,3,1,2,12% (2/17),15% (2/13),1,2,73% (11/15),86% (12/14),54,52,0,0,1,0,18,21,1,2,1.10,2.08,0.64,-0.39,1,5,4,4,22,28,21,18,0,1,51% (24/47),33% (15/45),56% (44/79),63% (58/92),79% (279/354),80% (249/313),53%,47%,3,5,4,8,6,3,4,4,3,2,18,30,10,11,0.61,1.64,1.64,0.61
UNrIQlqm,0,0,22,49,0.82,0.96,4,0,2,2,22% (4/18),33% (3/9),3,1,75% (15/20),76% (19/25),62,70,0,0,0,0,16,13,1,1,2.51,0.31,0.37,0.09,3,0,5,7,34,26,13,16,0,0,46% (35/76),52% (32/61),61% (65/106),52% (45/87),74% (253/343),73% (241/332),51%,49%,3,0,13,4,3,3,10,4,3,3,32,19,16,7,2.09,0.37,0.37,2.09
2ysQOSDa,1,0,26,37,0.97,1.17,5,2,4,3,27% (8/30),15% (3/20),3,8,45% (10/22),63% (5/8),49,43,0,0,0,0,16,13,5,3,1.22,1.09,0.60,1.50,1,2,6,12,26,24,13,16,0,1,50% (22/44),42% (31/73),66% (91/138),61% (42/69),82% (305/370),75% (236/315),54%,46%,3,2,12,6,5,2,6,3,8,3,32,17,17,8,1.50,0.60,0.60,1.50
vyB7y6c5,0,1,39,22,0.32,0.83,3,5,2,3,27% (4/15),25% (6/24),4,2,75% (6/8),75% (6/8),40,49,0,0,0,0,14,15,0,0,1.33,1.33,0.02,0.17,1,3,13,5,23,29,15,14,0,0,51% (30/59),40% (22/55),59% (39/66),77% (149/193),76% (256/337),86% (480/557),38%,62%,2,8,7,12,4,5,6,4,3,5,12,23,11,17,1.17,1.02,1.02,1.17
p0Aa87TI,1,0,18,29,0.54,1.02,2,1,1,1,29% (5/17),40% (4/10),2,1,52% (13/25),30% (6/20),69,66,0,0,0,0,17,11,0,3,0.89,2.39,-0.71,0.10,1,5,5,10,18,17,11,17,0,2,49% (25/51),60% (31/52),59% (47/79),78% (112/143),77% (234/303),89% (473/530),37%,63%,2,7,6,12,2,7,5,6,1,6,16,43,8,19,0.10,2.29,2.29,0.10
6TwsLpDO,0,1,14,44,1.10,1.09,3,5,2,2,32% (7/22),33% (4/12),1,5,67% (8/12),44% (4/9),58,49,1,0,0,0,10,18,7,0,2.70,1.22,-0.34,1.41,3,2,9,4,30,16,18,10,1,2,44% (27/61),32% (16/50),61% (70/115),54% (40/74),78% (273/349),73% (182/251),58%,42%,3,3,7,6,8,4,6,4,6,3,31,16,15,10,2.41,1.66,1.66,2.41
b3zZM6rC,0,0,21,35,0.71,0.43,7,0,6,4,30% (7/23),22% (2/9),2,4,88% (7/8),79% (11/14),53,49,0,0,0,1,16,21,4,2,1.88,0.45,0.03,-0.12,4,1,5,9,27,21,21,16,0,1,35% (16/46),33% (19/58),69% (75/109),47% (36/76),83% (341/411),77% (269/348),55%,45%,3,0,10,1,4,2,5,0,6,3,25,4,14,3,1.88,1.03,1.03,1.88
As4iulbt,0,1,30,12,0.63,1.56,2,10,2,1,18% (2/11),12% (2/17),4,2,89% (8/9),90% (9/10),38,40,0,0,0,0,11,18,2,0,0.23,2.03,0.39,0.15,0,6,12,10,17,13,18,11,1,1,30% (10/33),55% (22/40),71% (81/114),76% (115/151),85% (383/451),87% (429/492),48%,52%,4,4,3,14,4,5,1,8,2,7,5,35,7,19,0.15,3.39,3.39,0.15
0nHBJXyK,1,0,26,42,1.05,0.84,5,7,2,3,40% (10/25),22% (2/9),4,6,55% (6/11),50% (9/18),42,44,0,0,0,0,7,12,1,2,1.42,1.26,0.96,1.32,5,2,11,14,32,23,12,7,0,1,27% (13/49),37% (20/54),66% (107/161),59% (43/73),82% (452/553),70% (217/308),64%,36%,2,2,11,6,0,6,3,5,6,5,26,12,11,12,1.32,1.96,1.96,1.32
EVfAF3Jl,0,0,24,43,0.54,1.21,7,6,2,7,17% (5/29),35% (6/17),2,3,73% (8/11),77% (17/22),53,74,1,0,0,0,18,21,2,4,0.49,1.36,-0.60,0.36,1,5,4,3,29,13,21,18,0,2,44% (22/50),35% (17/48),71% (72/102),58% (42/73),84% (357/423),67% (146/219),66%,34%,1,1,4,9,5,0,5,4,3,4,13,15,9,9,0.36,1.40,1.40,0.36
2wdWMoRE,1,0,19,30,0.48,0.83,3,2,2,0,25% (5/20),44% (7/16),4,1,64% (7/11),67% (10/15),38,42,0,0,0,0,10,11,0,0,0.48,1.48,-0.46,0.29,0,2,1,9,20,26,11,10,0,0,50% (28/56),38% (16/42),60% (43/72),72% (58/81),84% (327/389),78% (206/265),59%,41%,0,2,4,9,6,5,9,6,1,6,13,15,10,14,0.29,1.54,1.54,0.29
zoqJDsl1,0,1,20,27,0.49,1.62,5,4,4,3,24% (4/17),8% (1/12),2,2,62% (13/21),50% (6/12),53,56,0,0,1,0,22,17,2,6,0.92,2.24,-0.68,0.30,1,4,9,7,20,12,17,22,0,4,46% (22/48),60% (27/45),61% (60/98),67% (64/95),76% (270/354),87% (408/469),43%,57%,3,1,8,7,1,2,3,4,3,4,15,21,9,9,1.30,1.32,1.32,1.30
OpMjATb6,0,0,17,31,0.62,0.10,5,5,2,4,6% (1/18),9% (1/11),1,4,85% (17/20),74% (17/23),65,58,0,0,0,0,6,14,3,1,2.18,0.08,0.22,1.17,3,0,4,18,33,20,14,6,0,0,46% (22/48),39% (22/56),68% (111/163),51% (26/51),83% (440/528),60% (142/236),69%,31%,3,3,8,1,3,5,3,2,5,1,25,4,11,6,2.17,0.22,0.22,2.17
GKIrCkUg,1,0,34,11,1.35,0.32,1,5,5,2,25% (1/4),16% (5/31),3,2,85% (11/13),53% (9/17),47,60,1,0,1,4,11,11,2,6,1.98,0.93,0.06,-0.46,3,1,8,4,10,31,11,11,0,0,34% (25/73),34% (22/65),60% (55/91),61% (59/96),76% (319/417),77% (299/389),50%,50%,1,0,12,6,3,6,9,8,5,4,28,14,15,12,2.54,1.06,1.06,2.54
rBnRBLID,0,2,16,23,1.43,0.40,7,3,1,0,29% (5/17),19% (4/21),4,5,53% (10/19),80% (8/10),44,42,0,0,0,1,12,13,3,3,2.25,1.17,0.12,-0.32,3,4,9,5,21,6,13,12,1,0,51% (27/53),40% (17/42),72% (97/135),67% (55/82),86% (429/497),86% (357/415),54%,46%,2,5,10,9,5,6,5,6,8,4,29,23,15,15,2.68,1.12,1.12,2.68
b5kuLPeR,0,0,45,17,0.50,1.24,5,6,1,2,19% (3/16),13% (4/32),7,3,62% (13/21),48% (10/21),67,44,0,0,0,0,13,15,0,2,1.65,2.36,3.12,0.63,2,3,10,9,20,34,15,13,0,0,47% (27/58),44% (18/41),64% (46/72),65% (75/115),81% (288/357),83% (297/356),49%,51%,3,2,6,9,6,5,5,6,4,6,12,22,12,14,0.63,3.12,3.12,0.63
dI2sEBas,0,0,11,50,1.92,0.15,4,5,1,1,28% (11/40),25% (2/8),5,6,76% (13/17),58% (7/12),60,47,1,0,1,0,8,11,2,0,1.62,1.02,-0.07,0.79,2,3,3,10,25,17,11,8,1,0,67% (31/46),31% (16/52),86% (289/338),30% (12/40),90% (653/727),66% (137/209),78%,22%,5,2,10,6,9,3,7,2,7,5,39,12,19,9,1.79,0.93,0.93,1.79
bNfJnEqo,1,0,24,43,0.56,0.33,5,7,4,1,35% (6/17),21% (4/19),3,4,50% (9/18),53% (8/15),45,55,0,0,0,1,16,11,0,4,0.78,2.11,1.20,0.37,0,3,4,5,24,13,11,16,1,0,54% (28/52),40% (23/57),68% (82/120),65% (54/83),85% (399/471),76% (234/307),60%,40%,1,5,9,10,6,6,10,7,4,4,18,21,15,16,0.37,2.20,2.20,0.37
Aq9parZ7,0,0,36,20,0.14,1.88,1,7,3,2,25% (1/4),16% (5/31),6,1,50% (6/12),44% (7/16),41,45,1,0,0,0,13,12,3,1,1.05,2.19,0.64,-0.63,1,4,8,3,16,28,12,13,0,2,30% (20/66),44% (19/43),34% (17/50),78% (183/234),68% (178/263),89% (587/661),28%,72%,1,3,4,11,1,9,1,8,3,9,12,38,5,20,1.37,2.64,2.64,1.37
0n1mNfLc,1,0,24,48,0.64,0.22,8,0,2,2,14% (4/28),50% (3/6),0,3,75% (12/16),55% (11/20),60,55,0,0,0,0,13,11,2,0,0.98,0.14,0.00,0.41,2,0,7,10,32,17,11,13,0,0,53% (31/58),41% (29/70),64% (77/121),53% (31/59),83% (343/411),79% (280/353),55%,45%,5,0,8,1,5,2,5,3,3,0,23,3,13,3,0.41,0.00,0.00,0.41
l8XU4D5T,0,1,12,27,0.52,0.78,5,2,4,6,14% (3/22),25% (3/12),0,6,75% (9/12),60% (9/15),47,45,1,1,0,0,12,18,0,0,0.81,1.04,-0.74,1.13,1,1,4,8,15,12,18,12,0,1,56% (23/41),51% (20/39),78% (76/97),83% (156/189),88% (368/420),89% (441/493),47%,53%,1,2,9,4,2,2,3,2,7,2,16,20,11,6,2.13,1.26,1.26,2.13
8C4eLYkA,2,0,30,31,0.50,1.51,3,4,1,3,13% (3/23),30% (3/10),3,2,75% (15/20),50% (5/10),60,48,0,0,0,0,8,11,9,1,2.87,1.86,-0.37,-0.02,8,3,7,7,25,24,11,8,0,1,40% (25/63),29% (21/72),56% (55/98),54% (67/123),71% (233/327),67% (215/321),51%,49%,2,7,9,13,5,8,8,9,4,5,18,28,14,21,1.98,1.63,1.63,1.98
EHFy144e,0,2,17,32,0.67,0.67,5,3,3,5,13% (3/24),0% (0/7),5,3,68% (15/22),64% (7/11),57,48,0,0,2,4,8,15,2,1,1.02,1.54,-0.09,0.52,1,2,4,9,27,17,15,8,1,0,40% (20/50),51% (24/47),80% (102/128),67% (47/70),82% (371/455),83% (276/332),59%,41%,9,3,10,5,10,9,8,4,3,7,25,19,20,14,0.52,1.91,1.91,0.52
nqyE8e64,0,0,38,36,0.60,1.04,5,9,1,5,30% (7/23),26% (6/23),2,3,63% (10/16),10% (1/10),54,50,0,0,0,0,16,18,2,0,0.66,0.79,0.03,0.49,3,3,9,7,24,27,18,16,0,0,37% (22/59),50% (27/54),61% (59/97),69% (100/145),75% (227/303),80% (299/376),45%,55%,4,3,7,10,6,1,6,5,3,3,15,36,13,11,0.49,1.03,1.03,0.49
S0HT2QZr,0,0,20,36,0.49,0.54,2,2,4,4,17% (3/18),20% (2/10),2,2,69% (9/13),100% (8/8),50,38,0,0,0,1,15,17,4,0,0.35,0.45,-0.21,-0.36,0,1,7,11,26,23,17,15,1,0,37% (22/60),34% (15/44),57% (58/102),61% (34/56),81% (347/429),79% (285/360),54%,46%,5,1,7,5,5,4,4,5,3,3,14,11,12,9,0.64,0.79,0.79,0.64
f9vM6ZzH,0,0,22,33,0.63,0.84,2,3,2,3,37% (7/19),27% (3/11),0,3,71% (17/24),38% (5/13),69,47,1,0,2,0,13,22,0,1,0.66,1.27,-0.90,0.11,1,2,1,8,22,25,22,13,0,1,44% (28/64),35% (24/68),54% (67/125),48% (32/66),77% (356/460),72% (205/285),62%,38%,2,4,4,3,5,6,4,3,3,2,12,12,9,9,0.11,1.10,1.10,0.11
pvJ0aiTj,0,0,18,29,0.59,0.45,4,3,1,2,14% (3/21),27% (4/15),0,2,92% (11/12),62% (8/13),48,47,0,1,1,0,18,12,0,1,0.86,0.73,0.00,-1.00,1,1,8,11,20,14,12,18,0,0,60% (34/57),47% (18/38),69% (70/102),73% (58/79),83% (328/396),88% (414/473),46%,54%,5,4,7,4,5,6,3,6,4,0,19,14,12,10,1.00,0.00,0.00,1.00
UixehzMN,1,0,18,29,0.77,0.42,6,2,4,5,35% (7/20),33% (4/12),0,4,56% (9/16),85% (17/20),65,53,1,0,0,0,18,24,0,1,2.59,1.09,-0.86,0.52,3,2,4,11,27,24,24,18,2,0,43% (23/54),27% (12/45),59% (51/87),42% (25/59),78% (237/303),69% (166/241),56%,44%,6,1,12,4,7,2,7,3,6,2,27,11,19,6,2.52,1.14,1.14,2.52
0CpvdIMb,1,0,17,46,1.21,0.36,11,3,2,3,19% (7/36),29% (2/7),0,3,57% (8/14),62% (8/13),38,43,0,0,1,0,9,12,2,0,2.08,0.51,-1.25,-0.36,2,2,10,9,26,19,12,9,0,0,63% (31/49),33% (20/60),80% (220/274),35% (21/60),87% (592/677),61% (133/219),76%,24%,5,1,13,4,8,0,11,1,5,2,50,10,21,4,1.64,0.75,0.75,1.64
dvvmfdiB,1,0,7,20,1.35,0.22,7,2,3,1,31% (5/16),20% (1/5),0,3,45% (5/11),75% (15/20),43,49,0,1,0,0,11,8,3,0,2.28,0.21,0.00,-0.31,5,0,7,15,21,16,8,11,1,0,65% (15/23),39% (17/44),76% (94/124),52% (24/46),90% (513/571),77% (236/307),65%,35%,5,3,16,2,4,5,8,4,7,0,33,4,20,7,3.69,0.00,0.00,3.69
lYGLwy7U,0,0,35,28,0.23,0.90,2,9,3,1,29% (4/14),35% (7/20),8,3,52% (11/21),50% (6/12),55,56,0,0,1,2,17,18,2,3,0.51,1.44,1.76,0.25,1,0,6,4,21,14,18,17,0,0,40% (20/50),56% (34/61),52% (50/97),72% (73/101),78% (272/349),84% (354/421),45%,55%,1,5,8,11,3,9,7,7,3,8,19,28,11,20,0.25,1.76,1.76,0.25
ryEDucxI,0,0,17,30,0.41,0.82,4,2,3,2,8% (2/24),11% (1/9),3,3,50% (9/18),64% (7/11),50,40,0,1,0,0,13,17,0,0,0.66,1.54,-0.83,-1.96,2,2,5,8,20,11,17,13,1,0,44% (21/48),32% (19/59),73% (79/108),70% (62/88),87% (411/474),84% (332/393),55%,45%,2,3,11,12,3,3,6,5,6,7,17,30,14,15,1.04,2.17,2.17,1.04
hnsWcvhn,1,0,17,35,2.31,0.33,13,2,2,2,31% (9/29),10% (2/21),4,7,54% (7/13),70% (7/10),56,40,0,0,1,0,10,12,1,1,2.96,0.47,0.95,-0.02,6,0,11,6,19,16,12,10,3,0,61% (25/41),51% (18/35),79% (123/156),81% (63/78),87% (477/547),81% (228/282),66%,34%,4,3,19,6,2,3,5,2,12,4,46,13,21,9,2.98,0.95,0.95,2.98
n9K4sJ75,0,1,43,9,0.88,2.09,3,13,3,2,30% (3/10),30% (7/23),2,0,42% (8/19),83% (10/12),42,52,0,0,0,0,18,7,1,1,0.67,2.60,-2.07,-0.92,2,6,12,6,14,16,7,18,0,2,38% (20/53),73% (30/41),56% (35/62),77% (152/197),66% (118/179),86% (428/499),26%,74%,0,9,3,16,0,11,1,11,2,7,6,49,3,27,0.08,1.93,1.93,0.08
QTn5AHyh,1,0,37,13,1.51,1.02,3,7,5,2,13% (2/15),21% (6/28),4,2,56% (5/9),43% (6/14),51,45,0,0,0,1,17,17,0,2,1.54,0.30,0.43,-0.10,2,0,8,11,19,20,17,17,0,1,38% (24/64),32% (16/50),61% (54/89),66% (79/119),80% (293/367),79% (299/379),48%,52%,3,2,7,4,3,7,3,5,4,4,17,17,10,11,1.90,0.43,0.43,1.90
hKpskA9E,0,0,21,16,0.57,1.32,1,5,2,4,21% (3/14),43% (6/14),2,1,88% (14/16),82% (9/11),52,44,0,0,0,2,9,20,0,1,1.04,1.73,-0.05,0.41,0,3,5,7,19,20,20,9,0,1,44% (19/43),46% (17/37),65% (49/75),72% (67/93),81% (266/330),88% (431/492),41%,59%,5,3,9,11,5,4,7,8,2,4,16,28,14,15,0.41,1.95,1.95,0.41
lEhvRcNO,0,0,9,23,1.45,0.14,6,1,1,0,18% (2/11),14% (1/7),1,4,64% (9/14),68% (17/25),35,40,0,0,0,0,7,7,2,1,3.05,0.22,0.03,-1.50,5,0,6,8,19,17,7,7,1,0,65% (20/31),36% (19/53),76% (136/178),61% (35/57),89% (506/567),83% (353/423),57%,43%,3,3,12,1,7,6,6,3,10,1,34,3,19,7,4.50,0.03,0.03,4.50
hUmeR6H7,1,0,19,24,0.99,0.64,1,5,2,1,27% (3/11),17% (2/12),3,2,60% (6/10),57% (8/14),29,40,1,0,1,1,15,6,2,0,2.21,1.50,-1.63,0.18,5,3,6,3,28,17,6,15,3,0,42% (25/60),52% (33/64),45% (35/77),77% (93/121),73% (211/288),88% (519/593),33%,67%,3,3,9,6,3,6,6,3,3,6,13,23,12,12,0.18,1.37,1.37,0.18
O67EW1gm,0,0,9,32,0.77,0.94,3,0,4,5,26% (5/19),25% (2/8),1,3,56% (9/16),67% (10/15),59,53,1,0,1,0,20,18,2,2,0.63,1.52,0.28,0.50,0,5,8,11,23,16,18,20,1,0,32% (17/53),22% (11/51),68% (98/144),70% (52/74),83% (394/475),78% (277/355),58%,42%,3,0,8,3,4,2,6,3,3,2,19,11,12,5,0.50,1.28,1.28,0.50
KY0NUuOa,2,1,38,15,1.24,1.04,6,6,2,4,13% (2/15),19% (5/26),5,8,58% (14/24),53% (8/15),58,56,0,0,1,2,16,18,0,0,1.37,0.88,0.04,0.70,2,1,2,11,11,20,18,16,1,0,36% (16/44),40% (24/60),78% (58/74),62% (56/90),84% (371/441),72% (179/250),62%,38%,7,5,9,9,11,4,4,2,9,6,22,30,20,13,1.70,1.04,1.04,1.70
EeMdquwg,1,0,21,18,0.61,0.89,5,4,3,3,33% (3/9),36% (4/11),2,2,86% (12/14),70% (7/10),66,45,0,0,1,2,14,23,1,1,1.41,2.41,0.78,0.39,3,2,5,4,18,24,23,14,0,0,52% (29/56),48% (30/63),49% (36/73),64% (68/106),75% (207/275),79% (287/365),43%,57%,4,4,5,9,10,5,9,7,2,3,13,24,15,14,0.39,1.78,1.78,0.39
Sb4VSJhC,0,0,33,35,0.77,0.70,4,2,4,3,8% (2/24),18% (2/11),4,1,57% (12/21),73% (8/11),51,53,0,0,0,2,18,17,4,3,1.88,0.94,0.62,-0.24,4,2,3,2,21,27,17,18,0,0,49% (32/65),46% (25/54),76% (106/140),66% (71/107),83% (333/403),78% (259/332),55%,45%,4,2,7,5,9,6,8,4,4,5,24,20,16,11,2.76,1.62,1.62,2.76
ITSmo18t,2,0,34,38,0.93,1.31,2,7,0,1,18% (4/22),21% (5/24),3,4,81% (13/16),56% (10/18),56,72,0,0,0,0,17,19,2,1,1.08,1.08,0.07,1.38,1,2,16,5,19,16,19,17,2,3,56% (32/57),48% (29/61),64% (64/100),64% (72/113),83% (296/358),78% (290/371),49%,51%,4,2,8,8,7,6,7,7,4,5,19,34,15,14,1.38,1.07,1.07,1.38
p4pmTSne,0,0,40,33,0.30,0.80,1,3,4,5,43% (6/14),11% (2/19),3,3,76% (13/17),75% (9/12),61,54,0,0,0,0,20,20,2,0,1.23,1.51,-0.88,0.48,1,4,7,9,26,19,20,20,0,0,35% (21/60),21% (11/53),45% (41/91),48% (40/84),71% (224/314),70% (206/293),51%,49%,3,2,3,7,7,3,4,3,3,5,13,19,10,10,0.48,1.12,1.12,0.48
l2Sw2MDF,0,0,21,21,0.74,0.29,7,4,1,3,25% (3/12),15% (2/13),2,6,50% (3/6),50% (9/18),35,43,0,1,0,4,18,9,2,2,2.68,0.54,0.15,-0.66,6,0,8,5,9,21,9,18,0,0,51% (19/37),51% (23/45),67% (57/85),77% (60/78),86% (342/400),83% (336/406),50%,50%,2,4,10,5,7,5,6,4,9,2,27,11,17,10,2.34,0.15,0.15,2.34
YRV209xB,0,2,11,33,0.62,1.03,4,4,4,1,24% (4/17),27% (4/15),4,3,73% (11/15),72% (13/18),47,40,0,2,1,0,13,16,1,3,0.67,1.37,0.97,0.51,2,2,8,9,27,17,16,13,0,1,43% (21/49),42% (26/62),59% (70/119),60% (36/60),83% (425/509),72% (191/266),65%,35%,5,1,5,4,3,5,0,3,3,5,27,16,8,9,1.51,1.97,1.97,1.51
tvfxplhU,0,0,23,18,0.95,0.21,5,3,1,3,33% (3/9),6% (1/16),3,3,20% (1/5),50% (11/22),27,45,0,0,2,0,10,9,3,6,1.97,0.78,0.67,0.01,3,3,6,13,24,9,9,10,2,1,65% (35/54),46% (16/35),76% (74/98),55% (35/64),90% (561/624),81% (229/281),68%,32%,0,1,5,4,3,3,2,3,6,3,22,11,8,7,3.01,0.67,0.67,3.01
4Ehzr1Mq,1,0,28,32,0.73,0.45,6,2,3,1,13% (3/23),44% (4/9),1,1,55% (12/22),65% (11/17),38,51,0,1,0,0,15,5,1,0,0.94,0.97,-0.24,-0.54,3,1,9,9,20,26,5,15,0,1,57% (26/46),42% (28/66),77% (112/146),47% (35/75),87% (440/504),79% (291/368),58%,42%,4,0,6,2,4,5,3,5,3,2,19,9,10,7,1.46,0.76,0.76,1.46
SnvV3rq3,0,0,28,11,0.86,0.23,2,3,4,2,20% (2/10),6% (1/16),2,0,58% (11/19),57% (4/7),45,41,0,0,1,0,20,15,0,0,1.00,0.36,0.16,-2.01,2,2,7,6,20,22,15,20,0,0,46% (18/39),67% (35/52),71% (84/118),64% (50/78),82% (314/381),88% (380/434),46%,54%,1,0,4,4,2,3,2,5,3,2,10,13,6,7,0.99,0.16,0.16,0.99
hINf2V7b,0,0,23,16,0.51,0.77,4,5,2,0,10% (2/21),38% (10/26),1,1,71% (10/14),78% (7/9),43,43,0,0,0,0,13,17,0,1,1.10,1.14,-0.13,-0.39,2,4,5,10,27,17,17,13,0,0,49% (37/75),53% (31/58),72% (67/93),59% (44/75),86% (384/447),83% (321/386),53%,47%,2,5,7,8,2,7,3,8,4,2,13,23,9,15,2.61,0.87,0.87,2.61
0tnqtuid,1,2,39,47,1.02,0.21,14,6,3,6,30% (10/33),13% (2/15),0,3,67% (10/15),60% (6/10),57,51,1,0,1,0,21,16,4,1,0.80,0.63,-1.25,0.53,0,0,6,7,30,22,16,21,2,0,43% (23/53),25% (15/59),50% (37/74),44% (21/48),75% (208/277),64% (125/195),59%,41%,3,4,10,7,4,5,8,6,3,2,22,12,14,12,0.53,0.75,0.75,0.53
YDjUoANH,0,2,28,19,0.81,1.73,2,9,4,1,11% (1/9),32% (7/22),8,2,54% (7/13),58% (7/12),38,43,0,0,2,0,14,11,1,1,0.43,2.85,1.82,0.21,1,6,7,4,13,23,11,14,1,2,48% (24/50),53% (21/40),61% (41/67),78% (131/167),78% (208/268),87% (482/552),33%,67%,2,6,3,20,4,7,3,9,2,12,18,47,7,27,0.21,3.82,3.82,0.21
